,embedding_x,embedding_y,cluster
0,10.489544,20.994236,2
1,19.870743,10.172385,8
2,11.550419,21.191229,2
3,-5.7284684,-0.3112907,1
4,-5.146032,7.170265,5
5,12.697972,5.8451304,6
6,10.164174,21.100145,2
7,4.3080893,-1.0468498,0
8,8.623357,21.440645,2
9,14.384275,-5.08011,3
10,-6.49463,-0.8053781,1
11,8.403125,22.055716,2
12,-1.2497499,7.7326136,5
13,11.491962,21.225855,2
14,8.442274,22.018324,2
15,-5.720754,5.0634785,5
16,-5.975253,-1.2426685,1
17,8.671775,21.603262,2
18,9.107836,21.26179,2
19,8.091177,-9.244194,9
20,12.501874,21.106823,2
21,7.9030633,6.0776277,7
22,10.203784,21.08051,2
23,13.602677,3.109306,6
24,-5.564902,16.489857,4
25,21.15766,8.450616,8
26,8.565593,19.05113,2
27,7.8032355,5.9698253,7
28,-5.41144,15.755868,4
29,-5.0208983,0.36155722,1
30,9.5015,7.439984,7
31,8.432213,22.029886,2
32,7.8563733,6.0118985,7
33,9.147688,20.90728,2
34,9.779486,11.356161,7
35,8.783681,8.195657,7
36,9.426654,19.570122,2
37,-4.174584,9.281524,5
38,-8.571694,11.604934,5
39,-8.5473,11.584399,5
40,8.481838,21.944353,2
41,7.848557,6.0262313,7
42,12.252866,5.5755405,6
43,-5.233227,16.695381,4
44,5.3919916,-1.3232679,0
45,6.4047,-11.182596,9
46,0.9759029,3.9600694,0
47,21.7158,8.218375,8
48,6.72264,-11.36696,9
49,13.195805,1.1782047,6
50,0.951561,3.9414303,0
51,-1.2875892,7.845243,5
52,14.1539135,-5.0282645,3
53,3.110919,-7.8196135,9
54,-4.409783,6.3894935,5
55,1.6932244,-1.4993297,0
56,8.418888,22.047487,2
57,9.126023,7.1414256,7
58,8.469499,21.97106,2
59,9.940073,21.086319,2
60,8.794175,20.006283,2
61,3.4823742,-7.78634,9
62,19.927784,10.23596,8
63,8.714242,21.504852,2
64,11.047104,20.147848,2
65,-0.92361194,7.1003013,5
66,11.587304,21.001064,2
67,-4.159712,6.6445327,5
68,-4.934235,8.350784,5
69,8.841421,7.95733,7
70,1.7764565,-1.6035569,0
71,-5.2413516,16.444918,4
72,0.9093366,3.9016674,0
73,11.930649,20.31787,2
74,12.920006,3.8269188,6
75,-5.18306,0.12679777,1
76,19.029099,9.641252,8
77,8.916192,9.246964,7
78,8.460483,21.97629,2
79,-5.1268797,16.605724,4
80,9.757086,12.5117655,7
81,9.077425,10.9223995,7
82,8.1142645,10.991437,7
83,1.1517363,4.066318,0
84,2.502634,-1.2426324,0
85,12.649813,5.826739,6
86,12.266638,20.15866,2
87,9.49223,19.59317,2
88,8.611606,-9.00174,9
89,4.1205816,-0.9100939,0
90,11.186626,21.326239,2
91,9.784196,11.367549,7
92,8.750205,21.430626,2
93,9.375349,19.770235,2
94,10.241612,21.040188,2
95,8.783334,9.162837,7
96,4.844448,-0.8128186,0
97,20.841188,8.745485,8
98,12.875853,3.626258,6
99,8.58988,20.27972,2
100,19.786528,10.102984,8
101,13.086339,1.3744085,6
102,13.2629175,1.1107246,6
103,12.216817,20.143665,2
104,5.525252,-0.5277011,0
105,13.887149,3.3020205,6
106,14.956929,3.1046438,6
107,-4.049716,9.4147415,5
108,11.925012,20.696589,2
109,9.636086,7.544367,7
110,-4.901731,5.907128,5
111,-4.0186195,9.457976,5
112,13.243044,19.982063,2
113,19.908659,10.2172165,8
114,14.293391,-5.3519793,3
115,9.070612,10.956008,7
116,7.9392023,11.219364,7
117,11.866334,20.703857,2
118,12.622356,2.2257721,6
119,7.838762,6.025739,7
120,11.414946,3.1087656,6
121,14.300721,-5.100805,3
122,-6.311326,-1.0539533,1
123,8.483504,8.332272,7
124,-4.7941,7.751848,5
125,13.595304,20.060917,2
126,-4.898865,5.908849,5
127,17.207735,3.7735646,6
128,11.934607,20.646214,2
129,9.600239,7.5501,7
130,0.88900954,3.8859074,0
131,-4.040607,9.425694,5
132,3.2555125,-1.6879364,0
133,-5.7459617,5.0856977,5
134,19.910467,10.19931,8
135,8.977742,21.331524,2
136,6.6655927,-11.267287,9
137,8.597303,20.615238,2
138,21.110004,8.497779,8
139,8.81278,8.413737,7
140,8.040979,11.017194,7
141,14.668251,20.197342,2
142,6.31601,-10.179011,9
143,14.005722,-4.891959,3
144,10.829306,21.202475,2
145,3.504549,-2.781462,0
146,10.205666,21.06777,2
147,12.880898,19.942232,2
148,19.879335,10.176831,8
149,-5.7830505,10.811805,5
150,6.2218914,-8.380498,9
151,13.401408,2.0015626,6
152,8.4155,22.045805,2
153,6.4308114,-8.727945,9
154,8.047176,11.467574,7
155,8.541,19.90727,2
156,3.9379933,-1.7304921,0
157,9.038195,21.390152,2
158,6.252061,-8.4476385,9
159,-5.162719,8.658236,5
160,-4.1796594,6.6397,5
161,-4.0582194,9.408369,5
162,17.218023,3.790402,6
163,-5.554163,16.339153,4
164,10.113567,19.372892,2
165,-5.863487,15.8371315,4
166,8.712579,9.151694,7
167,8.636073,9.374943,7
168,3.6452892,-2.1825802,0
169,-5.1570454,16.5729,4
170,13.120907,19.054056,2
171,11.91349,20.62,2
172,2.39401,-1.225037,0
173,-5.6078725,-0.58585775,1
174,-5.721199,5.063765,5
175,13.715848,2.8172066,6
176,11.076915,20.447012,2
177,5.5586877,-8.477348,9
178,6.313444,-8.492661,9
179,13.466546,3.096107,6
180,8.992903,21.282595,2
181,14.93273,20.411749,2
182,-5.653124,4.9734077,5
183,15.066312,20.508795,2
184,8.47709,21.93694,2
185,7.9288664,6.096468,7
186,8.652139,-9.002526,9
187,21.237003,8.414651,8
188,11.946236,20.6346,2
189,12.730621,3.8007536,6
190,9.809696,7.8200126,7
191,3.3278987,-0.9376053,0
192,8.420623,22.04256,2
193,8.402672,22.076153,2
194,8.94994,9.270233,7
195,9.085297,7.380731,7
196,8.426125,19.303473,2
197,13.166897,19.955206,2
198,8.856199,19.575186,2
199,3.9564188,-1.5692408,0
200,7.959378,11.297965,7
201,8.687211,10.70127,7
202,6.6470866,-11.3726845,9
203,11.291998,2.992529,6
204,8.547596,19.070686,2
205,-7.845328,9.852209,5
206,8.394391,22.079586,2
207,13.312588,1.0572525,6
208,8.806363,8.414745,7
209,9.73613,12.498982,7
210,8.018272,11.462681,7
211,12.305022,3.3384192,6
212,8.736042,21.380127,2
213,13.2973585,1.0592002,6
214,9.887893,20.029652,2
215,12.636323,5.8662624,6
216,12.263855,20.130499,2
217,8.435918,22.025244,2
218,8.57268,20.475113,2
219,21.712023,8.219083,8
220,12.498206,21.092861,2
221,10.021155,19.614841,2
222,8.668895,9.345036,7
223,8.599813,20.506907,2
224,0.8570342,3.8574662,0
225,8.594541,19.057552,2
226,9.875018,20.035505,2
227,10.1053705,21.124504,2
228,13.004638,5.6486025,6
229,8.4483795,19.307257,2
230,11.15432,19.597998,2
231,11.250797,19.766905,2
232,8.7243185,21.308735,2
233,15.422065,-4.5588512,3
234,5.515393,-8.522858,9
235,13.144469,19.308687,2
236,12.933417,5.0174646,6
237,8.548292,20.210243,2
238,12.744989,2.1715467,6
239,-5.745682,0.24425723,1
240,13.359605,1.0678905,6
241,9.07101,7.2517843,7
242,7.848832,6.0440273,7
243,-4.147917,6.6667213,5
244,8.992607,8.714115,7
245,8.729793,19.02238,2
246,11.305334,19.135874,2
247,12.523074,21.074043,2
248,-4.009962,9.451216,5
249,11.0598,20.028112,2
250,13.16394,19.092012,2
251,13.491502,19.030659,2
252,10.357828,20.827766,2
253,8.525701,20.08462,2
254,9.527857,7.424989,7
255,9.744856,7.758973,7
256,2.4721642,-2.3368764,0
257,5.229419,-0.9038577,0
258,8.819427,19.855886,2
259,2.0766172,-0.6083946,0
260,12.283346,20.141575,2
261,8.086919,11.496071,7
262,6.106282,-8.296895,9
263,8.622133,19.052322,2
264,11.326341,19.095392,2
265,8.6335535,20.28958,2
266,6.523041,-11.276905,9
267,13.08265,1.3100032,6
268,12.909327,3.8467016,6
269,8.772895,7.6600266,7
270,10.26439,20.079313,2
271,9.077567,21.32719,2
272,12.838422,5.1898913,6
273,11.3926325,21.383202,2
274,-4.012159,9.456137,5
275,8.392897,11.645575,7
276,11.135151,19.512815,2
277,12.868134,3.8157768,6
278,-8.628601,11.659813,5
279,11.310474,19.122923,2
280,9.656291,7.6863427,7
281,10.304665,20.994843,2
282,3.5117633,-2.7595003,0
283,-7.694156,7.2525725,5
284,0.89003104,3.8870127,0
285,8.644857,21.196379,2
286,-4.202029,6.6019554,5
287,9.161346,10.645315,7
288,1.7832234,-1.4709406,0
289,13.769098,3.4031386,6
290,12.81901,5.076715,6
291,-6.3691998,-1.03178,1
292,-6.257829,-1.1011894,1
293,-5.716574,5.058881,5
294,8.128212,11.476039,7
295,13.338366,1.7709672,6
296,-4.349783,6.520491,5
297,2.6335871,-2.0186622,0
298,8.666601,21.358673,2
299,7.8436985,6.032166,7
300,-4.9144564,8.410677,5
301,9.807361,7.780363,7
302,11.330661,20.380175,2
303,-7.7435775,10.854584,5
304,6.060412,-8.330361,9
305,15.183797,-4.739677,3
306,9.054093,21.23126,2
307,14.704518,20.240543,2
308,12.790205,3.2836342,6
309,11.906758,20.666183,2
310,-5.9863644,-1.2319252,1
311,20.869797,8.724946,8
312,9.785654,11.358032,7
313,13.195648,19.965258,2
314,8.604785,21.029255,2
315,8.5289955,19.131502,2
316,13.157823,1.2382611,6
317,1.6920556,-1.5817009,0
318,11.138541,19.566473,2
319,7.8136106,5.999138,7
320,14.964536,20.449991,2
321,8.997219,7.373057,7
322,11.918385,20.670467,2
323,-7.780183,9.782136,5
324,8.446002,19.412945,2
325,9.906002,19.322596,2
326,12.109366,20.399061,2
327,12.253204,20.15563,2
328,8.800674,7.740182,7
329,11.110835,20.165596,2
330,8.714183,19.037455,2
331,4.8350415,-0.62369514,0
332,13.4914665,2.8002028,6
333,11.349165,3.0446734,6
334,14.659222,20.223042,2
335,10.267618,20.98599,2
336,4.4420147,-1.0697259,0
337,-5.2103148,0.24463524,1
338,-5.8064027,10.829722,5
339,8.678888,9.238978,7
340,2.0965757,-1.1533877,0
341,13.523497,2.4945092,6
342,13.10611,19.913418,2
343,7.861756,6.045445,7
344,8.805102,8.041672,7
345,4.2556667,-1.0157036,0
346,13.3369665,1.0708628,6
347,19.788269,10.104042,8
348,1.8553169,-1.3056047,0
349,6.39346,-9.381435,9
350,17.223038,3.4331918,6
351,-1.8031666,8.924655,5
352,8.829225,19.953817,2
353,6.061252,-8.3572,9
354,8.4618845,21.981754,2
355,14.672926,20.214743,2
356,12.668294,2.155872,6
357,-4.036032,9.398428,5
358,-4.8739915,8.745114,5
359,8.569422,20.479773,2
360,21.049166,8.571952,8
361,8.477372,19.217592,2
362,21.231623,8.40974,8
363,2.8152056,-2.6767848,0
364,8.114085,-9.049992,9
365,19.064796,9.644805,8
366,11.637184,21.028826,2
367,8.676615,10.706238,7
368,7.3188834,-8.783278,9
369,8.591942,20.893362,2
370,5.288699,-0.9345543,0
371,8.888183,7.6737227,7
372,9.580778,11.258049,7
373,13.257162,1.1162006,6
374,13.220349,1.4048861,6
375,9.211713,19.787086,2
376,11.284194,2.9954643,6
377,9.030042,7.1087723,7
378,7.844696,6.010295,7
379,9.621738,11.321328,7
380,8.729207,21.419842,2
381,9.04312,10.713228,7
382,8.586345,19.068447,2
383,6.523725,-10.664891,9
384,18.976513,9.409571,8
385,3.0158648,-7.7877913,9
386,21.624012,8.289964,8
387,21.549364,8.3296585,8
388,2.3068078,-1.1921147,0
389,8.514598,11.670614,7
390,13.1992445,19.183664,2
391,18.92254,9.427702,8
392,5.799656,-8.35673,9
393,6.189386,-10.928561,9
394,21.061274,8.538781,8
395,11.258144,19.557728,2
396,6.7929664,-10.940427,9
397,0.8598908,3.8584974,0
398,2.559755,-1.143561,0
399,12.947812,19.74477,2
400,-6.0646453,-1.3508834,1
401,9.296159,21.166656,2
402,11.665833,20.956375,2
403,9.188954,20.875902,2
404,11.385661,21.364847,2
405,9.308599,8.910508,7
406,-4.9277406,8.2081375,5
407,8.7147255,21.329956,2
408,9.94466,21.077782,2
409,11.267902,21.357721,2
410,-5.4321322,7.173416,5
411,13.500798,19.040564,2
412,-5.4000416,-0.97328967,1
413,7.9983664,11.460754,7
414,12.363491,20.10442,2
415,12.307934,5.6620216,6
416,13.501685,19.056562,2
417,9.074096,10.926513,7
418,8.693387,10.682582,7
419,9.206858,21.136837,2
420,14.791591,20.342533,2
421,8.556959,21.693403,2
422,7.9923477,11.115661,7
423,11.079799,20.239931,2
424,6.4536567,-11.060894,9
425,8.835359,8.894807,7
426,-4.2262335,6.648862,5
427,0.8923654,3.888687,0
428,8.730773,20.04655,2
429,8.842279,19.737564,2
430,8.578411,20.493786,2
431,7.8424606,6.009136,7
432,14.6883745,20.237354,2
433,8.667997,9.294783,7
434,1.7092763,-1.617692,0
435,21.621952,8.291409,8
436,0.9104728,3.9011817,0
437,9.261593,8.739357,7
438,-8.5089855,11.551822,5
439,3.4834702,-2.8022017,0
440,7.880596,5.865457,7
441,20.949972,8.642892,8
442,3.3072855,-0.87598246,0
443,0.8758631,3.8722076,0
444,16.339659,3.648313,6
445,2.5339012,-2.2885354,0
446,13.014033,5.5179877,6
447,-5.7245917,17.069382,4
448,8.695855,9.869968,7
449,6.236719,-10.985546,9
450,13.142646,2.1125054,6
451,-4.1850586,6.650379,5
452,11.298471,19.151096,2
453,20.171803,10.468997,8
454,-4.795255,5.845474,5
455,20.89701,8.704587,8
456,8.609743,21.104362,2
457,9.701115,12.484544,7
458,13.314855,1.0435742,6
459,-7.792704,9.80942,5
460,21.084135,8.509344,8
461,-5.432094,15.762502,4
462,12.83964,5.741617,6
463,7.9334154,6.1020613,7
464,8.713858,9.3494425,7
465,-4.0800066,9.421543,5
466,-5.5430946,16.333115,4
467,3.1442466,-2.6375942,0
468,-4.0087595,9.460937,5
469,13.132053,1.2461761,6
470,9.0664,21.199774,2
471,-5.695443,5.048347,5
472,9.456803,8.179275,7
473,14.52829,20.120554,2
474,-5.553875,15.770094,4
475,11.207595,19.724977,2
476,13.470494,19.043308,2
477,13.656787,3.205332,6
478,11.419647,21.363989,2
479,8.716501,10.693684,7
480,12.39572,3.131853,6
481,5.1047335,-0.7721145,0
482,13.309844,1.1328667,6
483,13.418922,3.299654,6
484,15.40743,3.3400817,6
485,8.732131,21.319517,2
486,11.952915,20.689407,2
487,9.324291,8.572166,7
488,8.589766,20.698784,2
489,-1.2673799,7.793524,5
490,10.056541,21.039415,2
491,5.496585,-0.57363427,0
492,8.655504,10.687077,7
493,-5.0696287,6.2312913,5
494,-5.0735383,6.1502953,5
495,14.344048,-5.3827233,3
496,4.5157557,-0.98431873,0
497,8.859601,-9.124748,9
498,11.278618,2.9986691,6
499,-5.8133225,15.839326,4
500,-5.4232135,7.178876,5
501,3.9070845,-7.8469195,9
502,1.886722,-1.3351877,0
503,14.069011,-4.9590926,3
504,-4.339432,9.098672,5
505,-5.2700334,16.380613,4
506,9.421293,8.177373,7
507,-5.637875,17.00751,4
508,8.682084,21.441309,2
509,10.352991,20.922863,2
510,-5.3148246,6.953775,5
511,13.946898,3.3249834,6
512,11.988885,20.045666,2
513,8.508277,8.202071,7
514,12.446705,2.3846874,6
515,-5.331019,16.305592,4
516,-5.2186613,16.603962,4
517,8.788215,9.098936,7
518,12.310063,20.138746,2
519,4.2894907,-1.1856335,0
520,5.040336,-0.8226391,0
521,-5.3209066,-0.18823,1
522,3.6474097,-2.1671484,0
523,15.129567,-4.7453337,3
524,-5.238312,16.491861,4
525,13.440099,2.7296739,6
526,-4.9651904,5.8042936,5
527,14.754034,20.294758,2
528,3.4571075,-1.9697121,0
529,1.7286372,-1.4231852,0
530,-5.005174,5.7631807,5
531,8.778436,-9.100467,9
532,9.190295,8.670681,7
533,14.169076,-5.3828926,3
534,13.310749,2.5988257,6
535,8.834907,8.446643,7
536,9.0242,8.888583,7
537,8.820922,8.182393,7
538,7.918877,11.275071,7
539,13.746833,3.103223,6
540,3.9470887,-1.6038696,0
541,2.7649255,-2.7353942,0
542,13.725676,2.9208984,6
543,-5.2892,6.9516606,5
544,8.946288,7.051245,7
545,9.113437,20.811842,2
546,10.836184,19.5661,2
547,10.460388,20.012238,2
548,8.733677,21.345919,2
549,8.712206,21.307026,2
550,9.922364,19.311995,2
551,10.319611,20.983988,2
552,8.916106,9.210172,7
553,-0.88821644,7.05913,5
554,14.927265,20.423113,2
555,11.849108,20.257662,2
556,7.9447384,-9.066622,9
557,19.08624,9.431986,8
558,10.576354,21.047699,2
559,15.047251,20.501154,2
560,5.703172,-8.381074,9
561,16.210564,3.3920374,6
562,-5.214065,0.25308478,1
563,4.94189,-0.85269636,0
564,15.476438,-4.5070066,3
565,3.5497167,-2.7832596,0
566,9.903918,19.356016,2
567,19.97455,10.281063,8
568,12.952518,3.641922,6
569,9.101996,10.944956,7
570,10.285174,21.0445,2
571,5.5236073,-1.3805106,0
572,9.132413,8.6946125,7
573,-4.6224747,0.36522925,1
574,-4.7167,6.082119,5
575,20.14128,10.440751,8
576,8.116057,-9.036438,9
577,9.188923,21.175043,2
578,8.617471,19.060396,2
579,11.858397,20.198057,2
580,9.760094,11.364654,7
581,13.615187,3.4619029,6
582,8.930121,6.996106,7
583,-8.612019,11.650567,5
584,8.718688,21.38388,2
585,8.699761,20.04179,2
586,13.226655,19.95931,2
587,-4.8244867,5.961907,5
588,7.859249,6.0338674,7
589,11.42202,21.334625,2
590,12.178855,3.4152052,6
591,13.597925,20.02769,2
592,7.8361144,6.0357866,7
593,-3.9869046,9.483171,5
594,11.245284,2.9673007,6
595,12.551114,2.5621538,6
596,21.064585,8.543614,8
597,8.667979,21.258097,2
598,9.50292,19.485554,2
599,13.852359,3.3282328,6
600,8.562673,19.047897,2
601,8.738091,19.105686,2
602,13.068845,1.3150663,6
603,8.6510105,20.163801,2
604,3.1006544,-7.815357,9
605,-8.638648,11.674664,5
606,13.263656,1.1242197,6
607,8.777685,19.99532,2
608,-5.0921464,8.561381,5
609,14.630849,20.183712,2
610,8.683021,20.114866,2
611,7.8214746,-9.808156,9
612,-5.182493,16.560398,4
613,12.462127,3.4664614,6
614,11.038798,20.025183,2
615,11.955884,20.651266,2
616,21.507309,8.369565,8
617,9.777177,11.361328,7
618,8.440797,10.775363,7
619,-5.432226,16.384174,4
620,-5.0611863,0.3469274,1
621,7.8538055,6.0158467,7
622,8.670218,19.190866,2
623,8.826544,19.46235,2
624,9.499046,19.499054,2
625,8.812542,8.43255,7
626,21.61541,8.293875,8
627,21.065815,8.554005,8
628,8.739757,20.009823,2
629,12.583005,2.2771692,6
630,11.397424,21.35942,2
631,8.955601,7.6268334,7
632,12.767883,5.180004,6
633,14.420439,-5.341217,3
634,13.152251,1.2163093,6
635,-4.0409207,9.425693,5
636,8.652529,21.239433,2
637,1.7218766,-1.5296338,0
638,-7.8003416,9.779775,5
639,11.7051115,20.201283,2
640,16.469187,3.4770398,6
641,7.889863,5.862593,7
642,-5.263094,6.324043,5
643,-1.8145496,8.9182415,5
644,21.693901,8.243144,8
645,8.160921,11.483068,7
646,-1.0023047,9.470725,5
647,8.007535,11.081251,7
648,14.582165,20.104969,2
649,4.006646,-1.5515088,0
650,-4.8332744,5.9102173,5
651,11.027071,20.001513,2
652,13.838537,-5.134557,3
653,13.388386,19.013056,2
654,8.022115,-9.062198,9
655,10.540432,21.016762,2
656,11.336709,3.0341423,6
657,12.951481,19.541279,2
658,9.584121,11.233986,7
659,8.510479,10.753016,7
660,21.702032,8.239863,8
661,8.427168,22.029848,2
662,13.763735,-4.983079,3
663,8.598771,20.652622,2
664,8.821343,7.185313,7
665,12.6504,2.1613052,6
666,11.3226385,21.341267,2
667,14.606206,20.106739,2
668,11.349293,3.0284784,6
669,13.450773,2.927083,6
670,2.5132625,-1.21104,0
671,8.150911,-9.036398,9
672,-4.809774,7.7560697,5
673,9.092354,20.017303,2
674,8.841008,19.954237,2
675,13.400417,1.8486727,6
676,3.5855854,-2.242263,0
677,19.227247,9.761149,8
678,11.585512,21.144644,2
679,8.837177,8.873413,7
680,-6.0654435,-1.3594455,1
681,8.786542,-9.043297,9
682,13.420785,1.880493,6
683,1.7916939,-1.3604338,0
684,5.185095,-0.8618356,0
685,12.408066,20.08057,2
686,15.518124,-4.469312,3
687,13.2329235,3.6607022,6
688,12.657869,3.311456,6
689,-3.9757087,9.481484,5
690,9.170807,20.937086,2
691,11.360272,21.369516,2
692,12.1781845,3.396699,6
693,-1.0215389,7.2234635,5
694,1.0072328,3.9819105,0
695,-5.568165,15.790234,4
696,-6.255524,-0.65008175,1
697,5.343328,-1.0490687,0
698,6.510629,-9.884081,9
699,4.949172,-0.7280769,0
700,8.666738,-9.013266,9
701,6.6268888,-11.360395,9
702,13.150238,1.2713053,6
703,9.028376,7.173709,7
704,14.901541,20.40041,2
705,12.699097,3.7787433,6
706,4.9454494,-0.50748897,0
707,3.0587513,-1.9208289,0
708,12.502873,2.3482473,6
709,11.299234,19.16902,2
710,-5.1696677,0.32257113,1
711,11.402817,21.329664,2
712,8.886212,20.463728,2
713,8.495097,8.270553,7
714,-7.7415004,7.2221794,5
715,15.436553,-4.539264,3
716,20.140133,10.43621,8
717,-7.411781,6.7174606,5
718,3.3210769,-2.668641,0
719,19.9425,10.247593,8
720,8.68433,9.365358,7
721,9.09541,10.952244,7
722,1.0420107,4.008028,0
723,6.248987,-8.328651,9
724,6.5592475,-10.046279,9
725,8.411062,22.060549,2
726,5.8749027,-8.355406,9
727,9.786815,7.7271113,7
728,11.413793,20.531374,2
729,8.61416,11.702726,7
730,0.8826325,3.874026,0
731,21.665535,8.2615,8
732,12.989498,3.7124631,6
733,8.464613,8.345657,7
734,-7.755736,9.752104,5
735,8.433733,19.216362,2
736,9.726752,7.7336497,7
737,20.755808,8.852085,8
738,6.5668545,-11.069512,9
739,9.618899,11.27674,7
740,13.25864,1.1780617,6
741,13.286031,2.446775,6
742,19.831442,10.151708,8
743,8.815509,9.011701,7
744,8.879745,7.529716,7
745,13.254169,19.165188,2
746,8.690605,9.462929,7
747,8.843643,7.3095117,7
748,8.902378,9.267589,7
749,12.695939,3.3593504,6
750,3.5806825,-2.23532,0
751,10.494984,21.026997,2
752,3.6091769,-7.7667556,9
753,-4.876025,8.627174,5
754,-4.261748,0.299362,1
755,3.0199761,-7.7511864,9
756,20.140976,10.437287,8
757,8.011999,6.215392,7
758,10.608416,20.978027,2
759,12.411621,20.30864,2
760,-5.9935,-0.4466946,1
761,8.527551,21.852924,2
762,21.061945,8.530459,8
763,13.098932,19.11431,2
764,7.336278,-8.811473,9
765,8.62226,-9.002561,9
766,-7.799452,9.81419,5
767,7.9208813,11.3485775,7
768,3.6340063,-0.5885403,0
769,4.9411426,-0.5290057,0
770,-6.131926,-0.62745243,1
771,13.110007,1.2948095,6
772,9.118932,20.258356,2
773,15.844788,3.433047,6
774,8.391106,22.085594,2
775,13.344824,3.1114714,6
776,12.6594515,3.642216,6
777,8.75749,20.035069,2
778,-5.158483,0.2890621,1
779,20.799662,8.785062,8
780,8.539092,20.642853,2
781,-8.674273,11.680245,5
782,9.563806,7.475533,7
783,9.22034,8.462072,7
784,3.9249766,-1.6419913,0
785,21.068808,8.533161,8
786,-6.1909566,-0.8223085,1
787,11.292458,19.168287,2
788,11.353256,21.369898,2
789,10.938017,20.039263,2
790,11.414219,3.089001,6
791,3.4918542,-2.8009818,0
792,20.831348,8.753136,8
793,12.8343935,19.651888,2
794,4.9310675,-0.5171392,0
795,8.844117,19.477203,2
796,20.867163,8.726777,8
797,12.404575,2.5486286,6
798,17.240383,3.468321,6
799,8.434758,22.027802,2
800,-6.4565964,-0.89947146,1
801,3.4488218,-2.0349705,0
802,13.122875,19.302197,2
803,7.9419165,-9.829196,9
804,-8.643178,11.685639,5
805,4.5588884,-0.94882053,0
806,-5.5291634,-0.35134044,1
807,-6.0594516,-1.3727516,1
808,2.31959,-1.1599234,0
809,21.011505,8.584651,8
810,8.812559,7.1713614,7
811,9.914228,19.916246,2
812,1.0938058,4.0446553,0
813,19.85761,10.175943,8
814,8.791244,-9.197306,9
815,15.167608,-4.618615,3
816,-5.609541,15.694571,4
817,-5.331996,16.357718,4
818,6.6964436,-11.312957,9
819,14.592356,20.103004,2
820,14.679191,20.232635,2
821,-7.284241,11.053494,5
822,9.447115,20.012417,2
823,19.869411,10.203041,8
824,-4.849853,5.9192867,5
825,5.3981204,-1.201053,0
826,12.856033,5.27912,6
827,-5.3302913,16.696806,4
828,-8.585452,11.620449,5
829,13.783323,3.3825362,6
830,6.2287993,-10.989496,9
831,12.706644,2.172656,6
832,8.611617,9.320056,7
833,12.4940815,21.092247,2
834,11.630022,20.906605,2
835,6.510517,-9.689734,9
836,11.375386,21.361732,2
837,14.366775,-5.3548703,3
838,11.447102,3.1118963,6
839,-5.7778163,9.867784,5
840,8.941676,8.594864,7
841,19.074339,9.429285,8
842,8.978798,6.95553,7
843,6.352918,-8.5324335,9
844,0.89346087,3.8869712,0
845,8.587825,9.161614,7
846,3.7802408,-1.7934049,0
847,-5.1499014,8.694217,5
848,3.6145966,-0.57326573,0
849,2.0657175,-1.3202429,0
850,-4.799799,7.8269925,5
851,-5.793567,15.905945,4
852,14.772188,20.315825,2
853,13.735981,20.090187,2
854,14.824699,20.378248,2
855,11.395467,21.347637,2
856,16.441969,3.4870665,6
857,11.913018,20.659615,2
858,-5.0836177,0.35579118,1
859,8.445293,22.014565,2
860,8.023715,11.035359,7
861,9.128359,10.925153,7
862,8.575329,19.077242,2
863,-5.081244,0.3480135,1
864,12.855857,19.691292,2
865,13.383975,1.9485422,6
866,-4.194584,6.897538,5
867,8.559657,19.078094,2
868,5.6717467,-8.382898,9
869,15.079764,20.520737,2
870,3.5575564,-1.8708323,0
871,6.5323954,-11.2018585,9
872,12.456482,2.5540636,6
873,12.601125,2.1116948,6
874,9.12304,8.828406,7
875,3.292898,-1.2412786,0
876,6.213182,-8.350138,9
877,-4.8757567,8.548596,5
878,3.6653724,-1.5623766,0
879,6.6549015,-11.166606,9
880,9.80083,7.7942624,7
881,-4.2259774,9.227233,5
882,-1.0244845,7.231088,5
883,7.986588,11.08966,7
884,-4.9102783,8.555937,5
885,-3.9774253,9.46134,5
886,20.047663,10.350495,8
887,10.879197,19.672247,2
888,12.7172,2.6653056,6
889,12.977848,19.94084,2
890,3.0227606,-7.7594476,9
891,7.8319583,6.0324597,7
892,5.2212954,-0.8959674,0
893,8.759874,9.2954035,7
894,13.904863,3.3470893,6
895,12.9297,4.9810777,6
896,13.445383,1.8416436,6
897,3.5481646,-0.6293594,0
898,8.382425,-9.8450575,9
899,8.857559,8.87182,7
900,13.268628,19.187468,2
901,10.887974,20.155384,2
902,-5.2426443,16.439127,4
903,11.468273,3.1171393,6
904,8.699293,9.328675,7
905,1.7266774,-1.5324291,0
906,12.679065,5.2424297,6
907,14.138047,-4.968273,3
908,13.215539,19.179522,2
909,8.578221,19.084274,2
910,6.4112935,-11.252961,9
911,11.31384,3.0127296,6
912,8.837363,19.335436,2
913,13.300557,2.4283364,6
914,13.1768465,19.987549,2
915,3.9562972,-1.0578895,0
916,3.9021113,-1.682241,0
917,12.024525,5.3709035,6
918,8.949932,7.6372557,7
919,8.65892,21.254194,2
920,8.788492,7.216088,7
921,-5.749925,0.24090265,1
922,-5.209369,7.0439925,5
923,6.3977184,-10.759746,9
924,3.82691,-1.9740714,0
925,9.734029,7.793759,7
926,20.833754,8.763772,8
927,7.9522047,11.262936,7
928,-8.539405,11.584484,5
929,7.3279943,-8.794478,9
930,5.367417,-1.4683547,0
931,-5.111433,16.637375,4
932,-7.7993603,9.814867,5
933,12.993353,3.6372452,6
934,-5.8329144,9.849658,5
935,-7.789031,7.2428565,5
936,-7.785896,9.785663,5
937,8.726974,19.035067,2
938,11.37644,21.39822,2
939,19.072536,9.430214,8
940,-7.7187557,9.762437,5
941,11.94773,20.63486,2
942,8.384855,22.100225,2
943,13.304287,2.626504,6
944,7.534502,-9.014425,9
945,6.3352222,-10.190119,9
946,8.148991,-9.306423,9
947,1.7268379,-1.5079377,0
948,9.220508,8.768113,7
949,11.186786,19.478132,2
950,2.5626469,-2.2098124,0
951,-4.2018967,7.0101757,5
952,12.691992,5.7724996,6
953,13.411336,20.02751,2
954,14.945686,-4.6827984,3
955,4.34666,-1.1393671,0
956,12.347128,20.401752,2
957,16.446249,3.4891229,6
958,9.882729,19.348492,2
959,13.808246,-5.0122194,3
960,19.411688,9.909549,8
961,11.684509,20.88259,2
962,4.6604342,-0.68890417,0
963,13.329598,1.0937108,6
964,-5.31288,6.4365206,5
965,2.9316776,-2.570132,0
966,3.6169343,-7.8146715,9
967,0.9095707,3.9045222,0
968,-4.727434,6.0803647,5
969,-6.7279816,11.331017,5
970,2.4010265,-1.1746467,0
971,3.0182748,-2.0278804,0
972,-4.1565533,9.300066,5
973,8.034996,11.466023,7
974,-4.95688,8.34015,5
975,14.625965,20.175388,2
976,14.885812,20.406422,2
977,15.05645,20.502634,2
978,8.681566,9.456053,7
979,18.972765,9.483098,8
980,4.3935122,-1.091293,0
981,13.538579,19.012196,2
982,2.8078742,-2.714596,0
983,19.90825,10.19128,8
984,-1.2842964,9.015911,5
985,8.639543,9.412052,7
986,8.765395,19.062414,2
987,11.922507,20.248442,2
988,19.869303,10.148983,8
989,3.3433714,-1.6101803,0
990,9.088964,7.031947,7
991,-6.0641947,-0.5037686,1
992,-6.286948,-1.067478,1
993,13.445396,19.02506,2
994,13.780259,-5.0032406,3
995,8.475347,8.3309,7
996,8.742461,19.06333,2
997,21.555725,8.333601,8
998,9.863692,20.02365,2
999,3.5095367,-2.767423,0
1000,14.726918,20.26906,2
1001,9.380447,8.184406,7
1002,10.509345,21.003809,2
1003,14.334367,-5.349627,3
1004,12.261858,3.3249812,6
1005,12.499279,21.096985,2
1006,20.7811,8.778195,8
1007,8.836993,-9.070932,9
1008,20.796171,8.7828,8
1009,8.473876,-9.700341,9
1010,1.7796239,-1.4832286,0
1011,10.566104,19.995443,2
1012,6.656627,-9.558305,9
1013,11.916285,20.673588,2
1014,-4.072634,9.400282,5
1015,7.8968873,6.088322,7
1016,12.975581,5.6753764,6
1017,8.734208,9.552459,7
1018,-5.276768,16.387117,4
1019,-4.9534445,8.4883795,5
1020,3.4848626,-2.7907605,0
1021,-4.169668,9.288686,5
1022,-4.8285885,7.7786136,5
1023,-5.178042,16.7661,4
1024,7.44757,-8.904261,9
1025,8.646967,21.111076,2
1026,8.815806,8.773138,7
1027,9.70326,21.093807,2
1028,6.5080895,-11.070832,9
1029,6.2025943,-8.338046,9
1030,16.23122,3.4208114,6
1031,13.935826,-5.1562333,3
1032,13.915399,-5.1470466,3
1033,13.663062,2.7060192,6
1034,8.8058,19.924234,2
1035,13.194559,19.966679,2
1036,-5.4860673,15.816705,4
1037,-5.29267,16.340023,4
1038,-5.781402,9.971786,5
1039,9.88073,20.000359,2
1040,-6.479618,-0.89276445,1
1041,5.7997904,-8.347561,9
1042,-5.391615,7.0911303,5
1043,12.975173,5.3730702,6
1044,2.7789288,-2.6870878,0
1045,5.159166,-0.8327138,0
1046,12.661238,5.840805,6
1047,8.572326,20.521269,2
1048,9.616037,12.446474,7
1049,7.9810395,11.103588,7
1050,-5.109963,-0.88464296,1
1051,12.864065,3.3681903,6
1052,14.4390955,-5.2712255,3
1053,8.719409,21.33665,2
1054,-4.8544025,5.939401,5
1055,14.423829,-5.355867,3
1056,7.913378,6.0911374,7
1057,-7.781212,9.799548,5
1058,19.847565,10.165524,8
1059,11.982753,5.488765,6
1060,11.1502285,19.749838,2
1061,5.975249,-8.378896,9
1062,21.605711,8.303986,8
1063,12.880109,3.8652823,6
1064,9.906696,19.331337,2
1065,9.09982,7.279454,7
1066,11.049108,20.011332,2
1067,14.726058,20.269175,2
1068,8.845503,8.8913965,7
1069,-5.849645,15.832102,4
1070,-5.4231105,15.787004,4
1071,-1.8183072,8.91571,5
1072,5.5574346,-8.481052,9
1073,-5.2539153,7.0772214,5
1074,12.4954195,21.095299,2
1075,13.393355,2.478322,6
1076,6.405953,-11.059794,9
1077,-5.408644,6.6886563,5
1078,6.2535286,-8.809083,9
1079,13.786521,3.401511,6
1080,3.0569775,-7.781416,9
1081,8.860261,7.60704,7
1082,13.877521,3.2589393,6
1083,9.592526,12.4394865,7
1084,8.820711,-9.095693,9
1085,-1.7856951,8.927734,5
1086,9.759363,7.7883945,7
1087,12.657117,2.1951425,6
1088,12.836027,3.9442306,6
1089,18.910984,9.551907,8
1090,6.6628647,-11.2448635,9
1091,8.684481,21.284006,2
1092,13.239035,1.1309109,6
1093,8.517711,8.254187,7
1094,21.467728,8.413657,8
1095,-5.166692,-0.15238811,1
1096,-7.7179418,7.1722965,5
1097,3.7278502,-0.8179164,0
1098,13.383245,1.7413899,6
1099,14.872755,20.404202,2
1100,8.525022,11.701849,7
1101,8.776685,7.9417043,7
1102,6.220803,-8.391597,9
1103,12.853054,1.6796937,6
1104,13.2704525,1.0650749,6
1105,3.0513177,-2.6607463,0
1106,9.792195,21.129797,2
1107,-5.234951,16.47226,4
1108,-3.996565,9.473199,5
1109,-6.0686374,-1.3450549,1
1110,8.799363,19.961067,2
1111,6.527001,-10.750838,9
1112,6.372991,-9.305739,9
1113,-4.8867655,8.487917,5
1114,-4.8693714,8.768896,5
1115,6.708742,-10.7633505,9
1116,13.418693,1.8162795,6
1117,16.359402,3.7249575,6
1118,8.720132,21.402334,2
1119,9.205616,8.821093,7
1120,13.772678,-4.992586,3
1121,-4.4697776,6.332205,5
1122,14.81991,20.353434,2
1123,-4.000774,9.467753,5
1124,3.2354426,-1.6423887,0
1125,3.7242615,-2.0756435,0
1126,6.6241465,-9.449315,9
1127,8.970316,8.839987,7
1128,6.419056,-11.088681,9
1129,5.2004504,-0.9193371,0
1130,12.9620495,3.2415674,6
1131,2.879911,-2.70308,0
1132,0.99834174,3.967801,0
1133,2.320732,-1.1976216,0
1134,6.7312427,-10.825573,9
1135,10.579281,20.045744,2
1136,14.260588,-5.303618,3
1137,6.1802177,-8.312701,9
1138,13.452122,19.069284,2
1139,4.1934056,-1.2221566,0
1140,-0.9255105,7.1020246,5
1141,8.089744,11.518568,7
1142,15.02493,20.474115,2
1143,8.483648,8.340622,7
1144,-5.418172,6.5941525,5
1145,21.69047,8.241897,8
1146,8.81833,8.107214,7
1147,-1.2883984,7.857536,5
1148,3.087713,-2.5703506,0
1149,7.9817715,11.301229,7
1150,16.267164,3.434099,6
1151,-1.2153445,7.45654,5
1152,21.085901,8.563852,8
1153,-5.4723415,-0.036710408,1
1154,10.968115,20.47493,2
1155,11.973484,20.551834,2
1156,9.651362,7.943378,7
1157,8.651712,9.734848,7
1158,4.8408732,-0.6139931,0
1159,10.464596,20.029524,2
1160,8.652067,-9.009046,9
1161,1.6838026,-1.6000869,0
1162,5.594402,-8.441363,9
1163,2.774692,-2.7270007,0
1164,12.267146,3.3914275,6
1165,14.5990305,20.155544,2
1166,8.730129,20.08022,2
1167,13.333041,2.6176994,6
1168,8.412133,11.617717,7
1169,3.0549128,-1.8524196,0
1170,14.95554,20.450365,2
1171,13.095134,1.3083526,6
1172,5.4680133,-0.5882525,0
1173,11.625212,20.986755,2
1174,8.001839,11.072113,7
1175,-4.191233,6.6391664,5
1176,19.023079,9.462035,8
1177,3.232282,-7.784621,9
1178,-5.135852,16.667046,4
1179,5.247948,-0.93892354,0
1180,-5.542137,-0.11849745,1
1181,12.825639,19.639093,2
1182,13.551629,2.3365912,6
1183,20.144148,10.442173,8
1184,13.990775,-4.9406705,3
1185,10.998362,20.06345,2
1186,21.595829,8.310872,8
1187,2.5025373,-2.2648907,0
1188,10.029661,20.088177,2
1189,3.03664,-7.798182,9
1190,-4.1628966,6.685431,5
1191,4.2815194,-0.5489369,0
1192,-5.00797,0.37978643,1
1193,9.725062,7.7844987,7
1194,9.537288,7.4647226,7
1195,14.466841,-5.234115,3
1196,4.058714,-1.306411,0
1197,12.750638,5.1189055,6
1198,10.09404,19.304283,2
1199,-0.9095487,7.0877204,5
1200,9.192302,8.737396,7
1201,-5.2613344,6.9301047,5
1202,6.5591297,-10.107454,9
1203,8.299048,-9.843802,9
1204,13.635998,3.4682662,6
1205,-5.019798,0.35130978,1
1206,-5.583297,-0.52766246,1
1207,-5.6561337,17.082056,4
1208,8.68627,10.68906,7
1209,3.3190434,-1.6006055,0
1210,3.6520588,-7.8150716,9
1211,-7.785433,9.801698,5
1212,-6.3303742,-1.0058384,1
1213,2.7286618,-1.9394596,0
1214,-1.8438807,8.952293,5
1215,6.5457935,-9.458062,9
1216,5.50062,-1.3927107,0
1217,-5.5510783,16.345701,4
1218,3.1119504,-1.8175386,0
1219,-4.128487,9.329566,5
1220,-4.9254775,8.42151,5
1221,-5.2325764,16.570593,4
1222,-5.1955147,16.523863,4
1223,13.286204,2.6091793,6
1224,8.802738,19.98114,2
1225,-4.3507257,7.120409,5
1226,7.9687366,11.332817,7
1227,-8.006558,11.0839205,5
1228,6.1402225,-8.342498,9
1229,8.209229,10.928108,7
1230,9.831542,7.8228974,7
1231,1.993271,-0.8080446,0
1232,15.074235,20.519436,2
1233,8.5744705,9.089026,7
1234,-7.3189225,11.02613,5
1235,13.277131,1.079428,6
1236,6.458841,-11.077575,9
1237,-4.25769,0.30899775,1
1238,17.189249,3.795966,6
1239,9.744221,7.785478,7
1240,-4.2808304,6.544031,5
1241,10.575343,19.973345,2
1242,8.510098,21.894882,2
1243,5.015788,-0.58413804,0
1244,-1.2556889,9.079913,5
1245,-5.833081,15.906582,4
1246,6.398264,-8.66329,9
1247,8.654358,19.040718,2
1248,12.668775,5.8485813,6
1249,12.184567,3.5344005,6
1250,6.683298,-11.339908,9
1251,-4.918214,8.449804,5
1252,-5.710797,17.06369,4
1253,9.653906,12.461263,7
1254,8.691913,21.305124,2
1255,8.595443,9.3503685,7
1256,13.052142,1.3668506,6
1257,-8.54554,11.583208,5
1258,20.124722,10.422422,8
1259,13.422241,2.494581,6
1260,10.755203,20.153856,2
1261,13.279654,19.999313,2
1262,6.337854,-8.487794,9
1263,12.671146,5.4291677,6
1264,9.408051,8.285189,7
1265,8.970481,7.0319695,7
1266,5.985975,-8.440473,9
1267,9.140715,8.942807,7
1268,16.330145,3.6284587,6
1269,6.3015146,-10.472213,9
1270,-5.6708117,16.91454,4
1271,13.427993,3.0140886,6
1272,3.1588879,-1.2433732,0
1273,9.0067835,21.271437,2
1274,13.489304,3.1409435,6
1275,-4.98375,8.774961,5
1276,-4.927525,8.506027,5
1277,3.3140528,-1.6519159,0
1278,13.38689,2.821597,6
1279,13.305444,1.0566428,6
1280,3.8396325,-1.628591,0
1281,-5.905517,10.019904,5
1282,13.142321,19.94817,2
1283,-4.9111633,5.8530245,5
1284,6.4581504,-9.494878,9
1285,9.720168,12.512484,7
1286,6.519429,-9.477572,9
1287,-5.8243628,10.031706,5
1288,5.1112227,-0.7955921,0
1289,3.429701,-1.5587791,0
1290,8.896787,7.640979,7
1291,-8.571718,11.605434,5
1292,13.437216,19.066374,2
1293,-5.482775,-0.08620932,1
1294,12.972605,5.5127993,6
1295,-5.6796565,5.0288324,5
1296,-4.9159136,8.773513,5
1297,12.618886,5.566199,6
1298,1.8280312,-1.4411156,0
1299,6.3041816,-9.925118,9
1300,-5.314476,6.332067,5
1301,12.279805,3.406129,6
1302,3.826068,-1.9975593,0
1303,-7.7141066,7.2573466,5
1304,12.363762,3.1403801,6
1305,9.650916,7.562689,7
1306,11.214636,19.43604,2
1307,2.542885,-2.2771332,0
1308,19.11849,9.353999,8
1309,13.299397,1.0538738,6
1310,9.598096,7.512983,7
1311,-5.720353,9.721123,5
1312,6.404277,-11.108571,9
1313,21.051886,8.575949,8
1314,17.197636,3.8229573,6
1315,12.695752,3.7876072,6
1316,13.485201,3.0864768,6
1317,-6.0785666,-1.350137,1
1318,-6.2208343,-0.87005746,1
1319,13.098461,19.915781,2
1320,13.306175,2.5942435,6
1321,13.652151,2.8588984,6
1322,8.976851,9.242989,7
1323,14.839173,20.366106,2
1324,14.077542,-4.9643755,3
1325,13.67747,2.779914,6
1326,3.4935706,-1.8457077,0
1327,17.229193,3.4378734,6
1328,-6.2873554,-0.65581393,1
1329,14.283342,-5.1103344,3
1330,-4.191277,6.9545712,5
1331,-5.524392,16.816055,4
1332,-4.1902323,6.860154,5
1333,1.8067195,-1.3827492,0
1334,13.689266,3.4323845,6
1335,12.468302,2.4806714,6
1336,14.602884,20.156096,2
1337,3.7248807,-7.838028,9
1338,8.947603,6.9818344,7
1339,-5.762519,10.944465,5
1340,-1.1969093,7.5247784,5
1341,-5.8039527,10.849181,5
1342,13.874554,3.3113499,6
1343,2.9570677,-2.6497724,0
1344,3.6136854,-1.6235272,0
1345,8.691887,9.518969,7
1346,3.4495776,-1.5491043,0
1347,7.962613,11.304101,7
1348,11.48497,20.47954,2
1349,8.462942,19.314249,2
1350,-4.9545712,8.399563,5
1351,11.083636,19.88206,2
1352,6.3844295,-11.202028,9
1353,16.44661,3.4948514,6
1354,8.759888,-9.086727,9
1355,-5.3277884,6.9373045,5
1356,13.208298,2.4350257,6
1357,13.893362,3.286461,6
1358,2.5629623,-2.4375055,0
1359,8.034018,11.463024,7
1360,12.623154,2.1942275,6
1361,-4.9271398,5.830672,5
1362,8.844926,8.157651,7
1363,15.759673,3.4925656,6
1364,-5.713697,-0.3096897,1
1365,-5.7437367,10.075994,5
1366,13.843782,20.114126,2
1367,-6.046603,-1.3588113,1
1368,8.767344,9.124899,7
1369,6.405102,-8.754751,9
1370,5.8973484,-8.372595,9
1371,20.068272,10.37227,8
1372,-6.786719,11.279553,5
1373,-4.8911843,8.743698,5
1374,9.844286,7.82815,7
1375,13.118187,19.884977,2
1376,-1.2386429,7.7402096,5
1377,12.543855,2.3161895,6
1378,3.669246,-7.807212,9
1379,13.777514,-4.9906907,3
1380,14.614623,20.177559,2
1381,15.014044,-4.8450804,3
1382,17.231606,3.7002506,6
1383,-6.3789954,-0.9560784,1
1384,-0.9688754,7.159175,5
1385,12.97491,3.4038367,6
1386,13.714452,2.788449,6
1387,9.128456,9.064427,7
1388,17.198757,3.7917416,6
1389,13.407975,3.3133614,6
1390,-5.436283,-0.34655675,1
1391,-0.9263843,7.103316,5
1392,8.513734,8.248585,7
1393,-5.8089542,15.83803,4
1394,13.9142685,3.3324044,6
1395,-6.0759068,-0.508362,1
1396,3.3959534,-1.8244904,0
1397,14.305255,-5.3856053,3
1398,-4.2582746,0.29232922,1
1399,13.7983,-5.0498085,3
1400,12.526944,2.3841145,6
1401,6.282949,-10.78019,9
1402,11.571207,3.154672,6
1403,7.8605776,6.0722904,7
1404,21.605532,8.302412,8
1405,19.9385,10.245446,8
1406,6.3943563,-8.628028,9
1407,9.838162,7.8229823,7
1408,5.508056,-1.3481216,0
1409,-4.2141824,9.24002,5
1410,13.83471,3.4467502,6
1411,-8.629849,11.641676,5
1412,-6.3910565,-0.7534222,1
1413,11.323781,19.109364,2
1414,1.9841039,-1.1802616,0
1415,13.895194,-4.9348407,3
1416,13.708967,2.9758673,6
1417,12.506754,2.3658965,6
1418,8.86527,10.820152,7
1419,-4.850325,8.749222,5
1420,7.9045734,11.320438,7
1421,19.029299,9.366126,8
1422,8.7328205,20.105785,2
1423,-5.6750574,17.047474,4
1424,13.93098,3.233819,6
1425,19.508606,9.623422,8
1426,-8.639642,11.67206,5
1427,-4.1738925,6.6609373,5
1428,-7.761886,9.768962,5
1429,4.7508025,-0.7773373,0
1430,13.885261,3.4296463,6
1431,3.036508,-1.8911977,0
1432,-6.402114,-0.93695045,1
1433,-1.2786416,7.827829,5
1434,-8.580818,11.615067,5
1435,12.622785,2.1982503,6
1436,4.6329556,-0.7562657,0
1437,12.975911,3.649114,6
1438,-1.8294704,8.909497,5
1439,9.069448,10.925461,7
1440,-6.4749227,-0.90056664,1
1441,11.905963,20.70321,2
1442,2.0461268,-1.2208805,0
1443,21.361757,8.441404,8
1444,3.019585,-7.767432,9
1445,-5.7556863,10.195642,5
1446,8.7457075,9.322537,7
1447,-5.3015666,16.702026,4
1448,-5.1446595,0.3227373,1
1449,-5.165642,16.597275,4
1450,13.462623,3.1190403,6
1451,2.7864985,-2.6985648,0
1452,-4.3867383,7.1604652,5
1453,-4.8039727,7.770925,5
1454,-4.183192,6.6483946,5
1455,-5.570873,16.394928,4
1456,8.817919,-9.091425,9
1457,8.122556,11.466877,7
1458,8.979054,7.1563096,7
1459,14.56658,-4.8107567,3
1460,3.5802107,-2.246592,0
1461,3.7033367,-1.4227604,0
1462,14.621767,20.173475,2
1463,15.424618,-4.552961,3
1464,-5.3342285,6.904298,5
1465,8.8978615,9.259522,7
1466,-4.964126,8.527142,5
1467,6.5683255,-11.212046,9
1468,8.812252,9.174941,7
1469,-1.220806,7.6357284,5
1470,19.794863,10.111372,8
1471,-7.3671784,11.004003,5
1472,2.8476124,-2.6944897,0
1473,3.0805402,-7.808514,9
1474,7.947856,11.259579,7
1475,10.57054,20.915768,2
1476,8.142085,-9.032692,9
1477,-4.8012185,7.7732162,5
1478,8.609232,21.093424,2
1479,2.95232,-1.9039098,0
1480,-4.9591146,0.33428875,1
1481,6.3910832,-11.1407795,9
1482,-6.310949,-1.0669982,1
1483,-5.7648153,0.2626904,1
1484,16.369387,3.6760645,6
1485,-5.557375,16.410425,4
1486,11.085553,20.380114,2
1487,2.1188881,-1.2204803,0
1488,12.506346,21.095667,2
1489,8.083804,11.51267,7
1490,11.8259945,3.21656,6
1491,-5.7352614,0.23975201,1
1492,3.4348586,-7.7880964,9
1493,6.399033,-11.214229,9
1494,-4.1847982,6.7499156,5
1495,12.560005,2.291585,6
1496,2.3164115,-1.2145526,0
1497,5.5431366,-8.477902,9
1498,6.7059045,-10.752,9
1499,21.34775,8.398942,8
1500,19.869917,10.171201,8
1501,13.380325,2.9789555,6
1502,13.357216,1.6716865,6
1503,12.609797,2.2002935,6
1504,12.441741,2.591627,6
1505,5.8041425,-8.307826,9
1506,20.15843,10.456044,8
1507,-5.429225,16.425646,4
1508,14.441212,-5.3162637,3
1509,6.190919,-8.376634,9
1510,8.297031,6.5042186,7
1511,-0.9100213,7.0895195,5
1512,-4.9694686,8.248556,5
1513,12.77685,3.4730978,6
1514,12.251891,20.15973,2
1515,-4.9573107,8.32219,5
1516,13.81721,3.3105164,6
1517,-4.1955547,6.6870723,5
1518,12.551125,2.3917792,6
1519,-5.436583,15.728184,4
1520,13.873047,-4.938241,3
1521,-7.744124,9.743138,5
1522,-5.05778,0.33290648,1
1523,11.188871,20.43561,2
1524,11.2038555,20.389616,2
1525,5.1601286,-0.89356995,0
1526,-5.53033,15.780472,4
1527,8.677586,10.707848,7
1528,3.726188,-2.23269,0
1529,2.8578534,-2.6642072,0
1530,8.908174,9.192329,7
1531,14.29991,-5.0910172,3
1532,6.696554,-11.355375,9
1533,5.886053,-8.345287,9
1534,-4.8738594,8.741013,5
1535,3.4912095,-2.8065476,0
1536,-5.5194592,16.219759,4
1537,4.627522,-0.97981536,0
1538,-8.507358,11.547214,5
1539,12.9824505,5.6530566,6
1540,-5.4251785,7.17292,5
1541,10.025849,20.087309,2
1542,21.593464,8.310865,8
1543,6.378015,-10.125124,9
1544,12.156087,3.761841,6
1545,14.686083,20.244652,2
1546,9.046123,21.272272,2
1547,-5.3550167,16.860392,4
1548,6.5033336,-10.91007,9
1549,8.968298,6.9835205,7
1550,-6.2058825,-0.68718594,1
1551,9.7301445,7.7554855,7
1552,14.298132,-5.3005757,3
1553,7.3224416,-8.806247,9
1554,3.3422115,-1.6372389,0
1555,5.2202578,-0.8890194,0
1556,9.016207,7.177087,7
1557,13.084994,19.912455,2
1558,8.681145,-9.020197,9
1559,19.839106,10.158642,8
1560,8.119412,-9.042004,9
1561,9.011254,7.156338,7
1562,-5.7140694,5.0745196,5
1563,9.579933,12.412893,7
1564,15.348756,-4.6138287,3
1565,9.000872,8.7021475,7
1566,11.28521,2.9783683,6
1567,10.772992,19.844378,2
1568,8.726396,19.026808,2
1569,8.576991,20.510248,2
1570,21.679193,8.252694,8
1571,8.653383,19.02912,2
1572,9.91651,19.33789,2
1573,11.308445,3.014582,6
1574,12.432006,2.5076725,6
1575,13.0354595,3.6993346,6
1576,13.078213,1.3342258,6
1577,11.080539,19.921839,2
1578,-5.4699607,15.745598,4
1579,6.458116,-9.314948,9
1580,-5.1900587,0.2994364,1
1581,-6.0596175,-1.285059,1
1582,19.889973,10.178342,8
1583,8.305864,-9.879437,9
1584,11.419112,3.0943034,6
1585,9.924326,19.42268,2
1586,5.1098404,-0.84190017,0
1587,12.900155,3.461839,6
1588,13.524656,19.044773,2
1589,20.11816,10.420996,8
1590,2.9767454,-1.3077669,0
1591,-5.4248996,15.831868,4
1592,5.9065595,-8.336751,9
1593,7.5538583,-9.097726,9
1594,7.967339,11.419563,7
1595,9.103518,8.7349415,7
1596,-4.963865,5.7784457,5
1597,-4.9833684,5.7708693,5
1598,9.048253,7.3274837,7
1599,-5.4425693,7.194874,5
1600,-5.142783,16.673857,4
1601,6.352359,-10.04854,9
1602,-8.4993515,11.53774,5
1603,-5.392201,-0.23209557,1
1604,12.465601,2.6144102,6
1605,9.116752,8.962416,7
1606,-5.4758945,16.873224,4
1607,21.071724,8.523511,8
1608,7.9612236,11.305133,7
1609,16.25152,3.4529955,6
1610,9.337493,12.231843,7
1611,-4.707078,6.115544,5
1612,4.831172,-0.6140238,0
1613,-6.306443,-1.0380374,1
1614,3.6846266,-2.1400454,0
1615,3.5001426,-2.7889168,0
1616,8.855732,7.4294662,7
1617,5.8940053,-8.341029,9
1618,16.303473,3.452391,6
1619,14.423342,-5.166354,3
1620,7.994811,11.076539,7
1621,9.178992,8.733088,7
1622,8.421831,22.042557,2
1623,-4.3870606,7.149088,5
1624,12.626189,20.013832,2
1625,14.895386,20.400051,2
1626,3.5031288,-2.776981,0
1627,8.2375345,-9.771022,9
1628,6.246638,-10.884986,9
1629,-5.340457,16.377428,4
1630,12.880799,3.8696446,6
1631,3.679889,-7.8019896,9
1632,10.379281,20.078682,2
1633,14.321275,-5.3594303,3
1634,-1.8305836,8.903264,5
1635,2.4845574,-1.2652256,0
1636,-6.3551283,-0.9828106,1
1637,5.33089,-1.4806242,0
1638,-5.4179106,15.724123,4
1639,2.7876341,-2.6873374,0
1640,-5.181745,0.28417584,1
1641,11.389682,3.0791352,6
1642,-4.918958,8.569902,5
1643,12.411943,21.114683,2
1644,-5.453956,16.402155,4
1645,6.5429697,-11.140245,9
1646,19.871893,10.162389,8
1647,13.830224,-5.093388,3
1648,-5.7098527,17.05613,4
1649,11.302802,21.364876,2
1650,13.017222,3.5971544,6
1651,17.23282,3.4135053,6
1652,8.8173,19.992796,2
1653,5.7831807,-8.347248,9
1654,8.952306,7.0720983,7
1655,8.885362,7.5507355,7
1656,-6.051996,9.950146,5
1657,1.0122832,3.9811304,0
1658,-1.2798557,7.8359876,5
1659,19.944046,10.252464,8
1660,8.687253,19.05064,2
1661,9.417989,11.152592,7
1662,9.1040325,10.959214,7
1663,21.697462,8.234087,8
1664,-4.703804,6.0815916,5
1665,3.2011662,-1.7417697,0
1666,17.198627,3.8033705,6
1667,0.9949372,3.9768925,0
1668,-5.271076,16.48988,4
1669,12.90349,3.8789027,6
1670,9.730436,7.7605453,7
1671,11.471977,3.1134863,6
1672,-5.1470447,-0.9254393,1
1673,4.610122,-0.70271206,0
1674,12.196814,3.4107883,6
1675,6.6617775,-11.338912,9
1676,8.640518,11.65831,7
1677,10.297651,21.0343,2
1678,-0.9293369,7.106851,5
1679,5.052478,-0.7202177,0
1680,13.395616,2.8460722,6
1681,9.170453,8.627538,7
1682,14.345768,-5.1251082,3
1683,13.269823,20.012003,2
1684,10.039656,20.057173,2
1685,-5.725442,17.076553,4
1686,16.427553,3.4852197,6
1687,12.687577,5.8390656,6
1688,12.270683,5.422643,6
1689,3.4700134,-2.7715478,0
1690,3.4878294,-1.5950775,0
1691,-4.8365726,5.9548573,5
1692,6.759786,-10.831027,9
1693,6.6303678,-11.193856,9
1694,8.378291,11.521355,7
1695,17.215734,3.4455314,6
1696,3.0854166,-2.6545348,0
1697,-5.190202,7.019504,5
1698,3.6725078,-7.8069234,9
1699,3.2288826,-2.4110315,0
1700,3.0445533,-1.5767397,0
1701,8.840671,7.954167,7
1702,9.657092,7.907433,7
1703,10.039716,20.030067,2
1704,-4.987425,8.582857,5
1705,7.83495,5.9894705,7
1706,8.941382,6.969327,7
1707,8.695489,9.435982,7
1708,4.914872,-0.66348666,0
1709,6.66618,-11.313798,9
1710,9.660542,12.479029,7
1711,3.588773,-2.5722384,0
1712,5.224259,-0.8756619,0
1713,2.6764207,-1.2475861,0
1714,-5.1856465,16.683523,4
1715,-4.7367015,6.086333,5
1716,21.129858,8.463495,8
1717,4.6124454,-0.9452289,0
1718,12.5696745,2.6840284,6
1719,-5.741196,11.008252,5
1720,8.406401,22.069729,2
1721,-7.964819,11.05408,5
1722,13.284645,19.107761,2
1723,3.006214,-7.7846403,9
1724,1.7142619,-1.5173275,0
1725,14.28789,-5.102171,3
1726,1.9621695,-1.1865975,0
1727,6.7129774,-11.2520685,9
1728,-6.3178043,-0.9258774,1
1729,-5.6630607,15.74007,4
1730,4.5433435,-0.97457045,0
1731,21.547598,8.343723,8
1732,13.686885,3.0558202,6
1733,1.1443077,4.064698,0
1734,12.877683,3.875511,6
1735,3.24329,-1.3261265,0
1736,17.191387,3.8018627,6
1737,8.881882,7.9524693,7
1738,19.755201,10.026174,8
1739,2.9735231,-2.6796377,0
1740,15.1557665,-4.7510176,3
1741,3.8353388,-1.7348721,0
1742,-7.7678127,9.805712,5
1743,8.328437,-9.855807,9
1744,-5.012009,0.36462376,1
1745,3.2878113,-2.5858374,0
1746,-5.827962,15.838942,4
1747,-5.1459675,8.664425,5
1748,11.31538,19.111311,2
1749,3.0498161,-2.6624095,0
1750,13.397615,1.9337603,6
1751,12.279702,3.3301892,6
1752,4.8520575,-0.62899154,0
1753,10.033121,20.108002,2
1754,2.849111,-2.6790717,0
1755,6.26823,-8.809721,9
1756,6.1426673,-8.348109,9
1757,11.412412,3.1249182,6
1758,-5.1768365,16.684824,4
1759,-6.318162,-1.0395534,1
1760,-7.796529,9.81893,5
1761,5.0878534,-0.76770514,0
1762,13.707714,2.9445322,6
1763,2.5500114,-2.3504071,0
1764,4.590058,-0.6071316,0
1765,11.17517,20.236315,2
1766,5.3245053,-1.0273634,0
1767,6.3109283,-9.136203,9
1768,8.40786,11.627848,7
1769,7.8303547,6.0038533,7
1770,-4.884862,8.712568,5
1771,19.921734,10.222021,8
1772,8.64468,9.263012,7
1773,20.139647,10.439205,8
1774,3.6435676,-7.8091006,9
1775,8.682323,9.578853,7
1776,3.0704372,-2.6350427,0
1777,12.500546,21.09958,2
1778,15.001807,20.462486,2
1779,12.455727,2.5117564,6
1780,9.350288,8.046016,7
1781,-6.228798,-0.6457812,1
1782,-6.2197647,-0.6194581,1
1783,-4.869452,5.879901,5
1784,6.7404356,-11.287213,9
1785,3.3647072,-7.7995462,9
1786,4.4955063,-1.0311352,0
1787,13.762147,3.0383277,6
1788,9.015894,6.996766,7
1789,-4.87732,5.881517,5
1790,2.5311806,-1.9200912,0
1791,13.152834,1.2270217,6
1792,3.1465242,-1.8366382,0
1793,10.876034,19.563654,2
1794,13.355318,3.2657928,6
1795,16.234402,3.4208689,6
1796,-4.864311,8.642266,5
1797,3.4658065,-7.7882075,9
1798,-6.070892,-1.374208,1
1799,-6.4801116,-0.82513165,1
1800,-4.9213223,8.560055,5
1801,11.448857,20.17592,2
1802,19.888723,10.199209,8
1803,-4.169435,6.67269,5
1804,3.577051,-2.5885172,0
1805,11.746233,3.0796282,6
1806,11.765401,20.766685,2
1807,9.596187,12.416471,7
1808,19.370007,9.890911,8
1809,-5.220681,16.57586,4
1810,-5.228813,7.0087585,5
1811,9.5342455,19.49594,2
1812,8.228337,-9.036391,9
1813,15.035264,-4.8561277,3
1814,13.227,3.0882502,6
1815,12.344648,3.1225653,6
1816,-5.3311214,6.541635,5
1817,7.893435,5.9954753,7
1818,4.8553057,-0.62791014,0
1819,3.7078714,-2.1736655,0
1820,21.116302,8.484803,8
1821,-4.962948,5.7812157,5
1822,14.770079,20.31473,2
1823,21.094158,8.501325,8
1824,9.950247,19.976774,2
1825,12.471384,2.6401155,6
1826,11.12224,19.580757,2
1827,8.434367,11.639139,7
1828,6.7041736,-11.311828,9
1829,-5.6388927,9.558298,5
1830,14.009954,-4.876364,3
1831,-5.800676,15.8380995,4
1832,-4.9406934,8.495588,5
1833,13.797541,-4.998403,3
1834,-1.821033,8.915275,5
1835,3.3134577,-1.5313655,0
1836,-5.021808,8.776285,5
1837,-7.7864633,10.859569,5
1838,15.542265,-4.452827,3
1839,11.438638,3.0986807,6
1840,-7.693446,10.74611,5
1841,12.24604,3.2608752,6
1842,9.671521,7.873304,7
1843,21.010384,8.596942,8
1844,5.785037,-8.338163,9
1845,-6.0072947,-1.2051494,1
1846,8.962097,6.9554844,7
1847,8.757913,-9.105801,9
1848,17.231476,3.3941603,6
1849,-5.515335,-0.50361407,1
1850,1.0107075,3.9833097,0
1851,3.5714176,-0.6641284,0
1852,-6.212883,-0.698444,1
1853,8.970877,7.0054345,7
1854,21.57018,8.325455,8
1855,-5.740164,0.23278065,1
1856,-8.578799,11.614844,5
1857,8.9576,7.0783324,7
1858,8.791086,7.3547463,7
1859,-1.819201,8.919155,5
1860,13.481905,3.1087356,6
1861,12.589002,2.2585602,6
1862,-5.2037926,16.489185,4
1863,19.032047,9.542947,8
1864,-5.4077864,7.194051,5
1865,-4.242798,0.30798784,1
1866,-5.034343,0.3396739,1
1867,5.1311855,-0.8064655,0
1868,-5.342096,16.329378,4
1869,11.969218,2.8892,6
1870,5.7746496,-8.457861,9
1871,12.609052,2.2111378,6
1872,13.650386,2.815715,6
1873,-5.789968,10.800841,5
1874,7.865769,6.0147667,7
1875,13.5300865,19.05671,2
1876,9.681385,7.938221,7
1877,9.798299,7.7451873,7
1878,5.749018,-8.430412,9
1879,5.5247407,-8.533854,9
1880,11.726541,20.239931,2
1881,14.298875,-5.1312394,3
1882,8.712642,9.294559,7
1883,9.765513,11.35402,7
1884,15.438049,-4.5322533,3
1885,-5.7078004,16.079424,4
1886,-1.8177115,8.9131,5
1887,-4.8870373,5.979131,5
1888,-4.2538586,0.3003396,1
1889,3.0586836,-2.6454384,0
1890,-0.9303207,7.1089554,5
1891,-5.467021,-0.3732239,1
1892,3.5315895,-0.72793895,0
1893,8.813559,-9.082103,9
1894,2.0037024,-1.257805,0
1895,-0.9550205,7.138241,5
1896,-4.1770153,6.679868,5
1897,3.3907306,-1.5981896,0
1898,17.186554,3.4219155,6
1899,13.915005,3.2727888,6
1900,8.559527,10.708788,7
1901,-5.488789,15.786575,4
1902,13.5306835,19.082489,2
1903,15.068502,-4.8140264,3
1904,13.89213,3.1889744,6
1905,9.816258,7.806382,7
1906,-4.18932,6.8884974,5
1907,8.56026,20.416817,2
1908,17.18494,3.435855,6
1909,8.797524,-9.155813,9
1910,3.2424757,-1.0567191,0
1911,-1.8052489,8.92006,5
1912,17.169321,3.4027472,6
1913,6.313433,-9.86762,9
1914,13.124295,1.2669256,6
1915,9.75351,11.355872,7
1916,12.881021,3.8529773,6
1917,13.570159,20.022236,2
1918,3.1038468,-2.5606928,0
1919,-5.070296,-0.86358005,1
1920,-4.1680417,6.868668,5
1921,3.6448035,-0.8468586,0
1922,14.3461685,-5.3303776,3
1923,13.317189,19.117348,2
1924,-4.244823,0.31175473,1
1925,17.203543,3.431059,6
1926,5.828978,-8.349665,9
1927,3.3816235,-1.5870492,0
1928,7.347974,-8.823868,9
1929,3.04298,-7.7881203,9
1930,21.595205,8.317008,8
1931,14.385352,-5.104974,3
1932,6.562472,-10.10709,9
1933,6.3929057,-11.095613,9
1934,6.515985,-9.916339,9
1935,9.864585,7.826764,7
1936,3.265263,-1.3070735,0
1937,16.44069,3.485136,6
1938,-4.9768496,8.478084,5
1939,4.4745984,-0.997725,0
1940,-4.171424,6.677284,5
1941,12.678299,5.2343316,6
1942,7.9406385,11.314008,7
1943,3.1008391,-7.7934513,9
1944,6.330972,-9.155089,9
1945,9.702098,7.664207,7
1946,8.9637,6.9745297,7
1947,6.7231617,-9.893687,9
1948,-5.540143,16.419117,4
1949,-7.7596335,10.863307,5
1950,5.825924,-8.348473,9
1951,8.903561,7.3307886,7
1952,3.3911967,-1.8925502,0
1953,3.712718,-1.504177,0
1954,3.7878137,-1.8514426,0
1955,7.9831676,11.146622,7
1956,12.532118,2.3960974,6
1957,-4.7830577,7.7624297,5
1958,13.784481,-4.99486,3
1959,9.19662,8.714102,7
1960,5.491257,-1.3456583,0
1961,-5.7088866,9.807485,5
1962,17.151106,3.8122084,6
1963,9.204351,8.684009,7
1964,13.179711,2.343683,6
1965,12.679236,3.7696679,6
1966,-4.962072,8.316502,5
1967,12.440451,21.114887,2
1968,3.3590794,-1.4557121,0
1969,2.5815027,-1.1608449,0
1970,9.334761,12.16288,7
1971,3.6750388,-2.1590593,0
1972,11.304769,19.139849,2
1973,3.1478007,-7.79747,9
1974,-5.0467906,8.459065,5
1975,1.9401678,-1.0596517,0
1976,8.723625,9.232782,7
1977,9.118333,10.954313,7
1978,-5.657275,16.146307,4
1979,8.827058,-9.113135,9
1980,-4.177827,6.700589,5
1981,-4.9398637,8.348279,5
1982,13.324844,2.624201,6
1983,-7.7545652,10.857656,5
1984,11.389587,3.0851502,6
1985,8.227246,-9.029944,9
1986,12.451285,21.139708,2
1987,1.7324779,-1.5440716,0
1988,8.79377,-9.085746,9
1989,12.703506,5.838007,6
1990,-5.740382,0.20932972,1
1991,-4.887404,8.713887,5
1992,-5.076066,0.3132704,1
1993,8.224284,11.530376,7
1994,12.378106,3.0992863,6
1995,-7.781765,9.83646,5
1996,12.131526,19.891962,2
1997,12.627177,5.823385,6
1998,12.147694,3.256847,6
1999,-4.95616,8.353582,5
2000,-4.155627,6.9498134,5
2001,-5.6657863,15.767037,4
2002,8.011833,11.469289,7
2003,12.203324,3.3948884,6
2004,-4.2473693,6.955635,5
2005,12.197808,3.415647,6
2006,6.5323935,-10.670858,9
2007,-5.3539457,-0.22960824,1
2008,14.375999,-5.3513517,3
2009,6.2227182,-10.967007,9
2010,6.863096,-9.421662,9
2011,12.424332,2.5902643,6
2012,-4.2004123,6.9051948,5
2013,13.591899,19.13323,2
2014,8.970368,7.0120106,7
2015,2.1078298,-1.209166,0
2016,-5.807316,9.815089,5
2017,-4.273528,0.32805791,1
2018,12.045987,20.134262,2
2019,6.600591,-10.495092,9
2020,3.120424,-7.7961264,9
2021,6.1235657,-8.356879,9
2022,-5.160712,8.70773,5
2023,12.710699,5.201356,6
2024,13.450548,1.9059916,6
2025,21.569645,8.324182,8
2026,-5.4378757,-0.39650238,1
2027,-4.249094,6.6777034,5
2028,12.887848,3.8643813,6
2029,-5.164519,-0.9462807,1
2030,9.516084,12.364196,7
2031,3.8322184,-1.0794388,0
2032,-5.2606893,16.41237,4
2033,-5.740356,5.082976,5
2034,-7.7360883,10.844744,5
2035,6.029016,-8.760289,9
2036,12.697592,5.212225,6
2037,4.12789,-1.2032353,0
2038,6.2142105,-8.935666,9
2039,14.272841,-4.8278947,3
2040,3.2597935,-1.7122908,0
2041,1.7449481,-1.5727874,0
2042,-5.237187,6.4300084,5
2043,14.997809,-4.8243737,3
2044,-5.8740993,-0.86471575,1
2045,12.979316,5.640375,6
2046,2.5651498,-2.2851088,0
2047,8.477922,8.371246,7
2048,-5.442555,6.6131644,5
2049,12.279202,3.4025247,6
2050,6.7209954,-9.638628,9
2051,-0.95029503,7.130463,5
2052,-4.799077,7.7610197,5
2053,6.1774626,-8.375955,9
2054,6.558296,-10.7227335,9
2055,12.925399,2.5693133,6
2056,-5.195543,-0.9469193,1
2057,15.0700655,20.519466,2
2058,-5.0315375,8.46928,5
2059,13.600516,2.7512062,6
2060,9.684281,12.512849,7
2061,9.923854,19.32224,2
2062,6.543137,-9.9183655,9
2063,5.392825,-1.4730204,0
2064,3.0403185,-1.6155419,0
2065,-6.2772202,-0.7706676,1
2066,13.308649,20.006752,2
2067,-5.7751536,10.830434,5
2068,4.8092,-0.609611,0
2069,13.143009,19.94354,2
2070,-6.097499,9.90064,5
2071,13.696531,2.7918787,6
2072,12.615934,5.7986507,6
2073,6.735154,-10.899603,9
2074,17.211432,3.4678688,6
2075,6.5294957,-10.691759,9
2076,15.814726,3.461371,6
2077,-5.791483,9.9946575,5
2078,12.876737,5.122983,6
2079,-4.815356,5.8847933,5
2080,-5.7545,17.036436,4
2081,14.82432,20.328873,2
2082,12.395433,21.11945,2
2083,14.974939,-4.873692,3
2084,3.098496,-1.8990873,0
2085,-6.3582983,-0.939122,1
2086,-5.657322,15.768299,4
2087,-4.193705,6.90367,5
2088,4.9267454,-0.5219316,0
2089,2.6666646,-1.9663386,0
2090,11.409308,21.359509,2
2091,15.773484,3.4629323,6
2092,3.057305,-7.773964,9
2093,14.936058,20.414772,2
2094,3.529376,-0.8405423,0
2095,-5.758787,10.698816,5
2096,-6.3116984,-1.0098013,1
2097,5.5435157,-8.528824,9
2098,3.7789855,-1.8396966,0
2099,15.1742525,-4.7504625,3
2100,3.604544,-0.7399808,0
2101,12.431637,2.5230067,6
2102,5.4517417,-1.4189447,0
2103,15.447304,-4.52783,3
2104,-5.300649,16.489779,4
2105,-5.34097,6.9605513,5
2106,13.367041,1.1194104,6
2107,11.656921,3.0957165,6
2108,-4.8477116,5.8888845,5
2109,11.400555,3.080178,6
2110,9.995612,20.01855,2
2111,14.269173,-5.2220273,3
2112,14.345664,20.242775,2
2113,-5.236792,-0.96416384,1
2114,-7.754697,10.891135,5
2115,3.2950084,-1.6231828,0
2116,8.529017,10.72247,7
2117,20.837992,8.750631,8
2118,18.99072,9.41569,8
2119,13.91475,3.32241,6
2120,8.692496,-9.02496,9
2121,-5.7110486,17.052654,4
2122,13.274129,3.219062,6
2123,-5.4771137,16.933048,4
2124,3.7181962,-1.0786694,0
2125,-6.065002,-0.50592214,1
2126,8.101792,-9.057096,9
2127,14.32932,-5.3614607,3
2128,3.8927765,-0.6025505,0
2129,11.446458,3.1172097,6
2130,4.792046,-0.6284146,0
2131,11.288955,19.19272,2
2132,19.271612,9.827346,8
2133,5.578838,-8.456406,9
2134,8.796395,-9.120729,9
2135,-5.775181,10.818102,5
2136,3.3833332,-1.5528136,0
2137,9.790398,11.358196,7
2138,-5.935251,-1.2135077,1
2139,5.408812,-1.4264177,0
2140,2.515458,-1.8549855,0
2141,13.437866,3.1585119,6
2142,-4.9602585,8.368112,5
2143,3.573182,-2.6138031,0
2144,6.7999864,-10.949384,9
2145,-5.7288756,17.06788,4
2146,12.4075985,2.5409107,6
2147,2.871308,-2.6559803,0
2148,8.520904,19.130762,2
2149,2.5918386,-1.1842052,0
2150,13.921705,3.291749,6
2151,13.388123,1.6796081,6
2152,8.914009,8.838051,7
2153,-5.356328,16.353466,4
2154,-5.3158836,16.631481,4
2155,-7.7282305,10.711792,5
2156,3.6970022,-1.8236021,0
2157,-4.794685,7.744425,5
2158,3.8726768,-0.5084456,0
2159,14.25797,-5.0972004,3
2160,6.607457,-10.687222,9
2161,-5.6666455,17.024311,4
2162,9.605222,12.419847,7
2163,-5.8684263,-1.2695783,1
2164,-5.6845393,17.038788,4
2165,-5.5013056,15.730261,4
2166,8.395398,11.505672,7
2167,-4.553149,7.3517084,5
2168,13.319814,1.0692408,6
2169,13.726499,2.9111304,6
2170,16.721794,3.4472382,6
2171,-4.2875433,0.2719987,1
2172,9.6746645,7.621332,7
2173,12.209591,3.2809908,6
2174,6.463316,-10.829714,9
2175,2.2808292,-1.010755,0
2176,-5.544466,-0.32792574,1
2177,16.319952,3.7025304,6
2178,-5.4129863,-0.23097003,1
2179,2.665728,-1.986738,0
2180,-7.830472,7.2260017,5
2181,-5.110046,8.492828,5
2182,0.90275973,3.8960574,0
2183,8.971215,7.1587005,7
2184,-5.4439044,7.1964006,5
2185,-1.7999259,8.920917,5
2186,18.95369,9.486822,8
2187,4.8181505,-0.6864037,0
2188,-5.750223,10.213738,5
2189,12.680974,5.8204184,6
2190,-6.0851135,-0.5237124,1
2191,-1.8618205,8.894866,5
2192,3.176825,-1.8277862,0
2193,-7.811195,9.830199,5
2194,6.3673964,-9.4561,9
2195,16.411861,3.5025287,6
2196,8.981871,6.976345,7
2197,12.484837,2.5414503,6
2198,7.3381596,-8.80342,9
2199,5.8641086,-8.395921,9
2200,12.60968,2.2078195,6
2201,8.946367,6.944383,7
2202,15.228489,-4.703474,3
2203,-5.5329366,15.704661,4
2204,-5.1181884,16.65308,4
2205,-5.7215266,17.07081,4
2206,-6.3264594,-1.0187957,1
2207,14.624107,20.170862,2
2208,-5.2354536,16.519833,4
2209,19.92983,10.2151785,8
2210,6.3363376,-10.083269,9
2211,1.7337596,-1.5365914,0
2212,-5.4864483,16.91691,4
2213,-1.3051888,7.9807916,5
2214,3.5238879,-2.7476635,0
2215,-7.6958528,10.855071,5
2216,-5.324643,6.484177,5
2217,19.024384,9.4467125,8
2218,11.743949,20.212582,2
2219,-5.632222,17.011677,4
2220,-5.780091,10.632285,5
2221,-5.653058,-0.0916342,1
2222,19.06486,9.440303,8
2223,12.982273,5.5480824,6
2224,3.2797897,-7.7692657,9
2225,6.2001915,-8.39809,9
2226,-5.075942,-0.85016644,1
2227,12.995003,19.783825,2
2228,11.196649,20.221401,2
2229,-5.814462,10.0469675,5
2230,21.126045,8.468848,8
2231,15.233186,-4.7114415,3
2232,-1.2607336,9.092492,5
2233,4.54333,-0.98580724,0
2234,-5.524167,-0.51342213,1
2235,6.641932,-9.496498,9
2236,4.688056,-0.67125237,0
2237,17.215628,3.8110003,6
2238,-6.396282,-0.86427665,1
2239,12.702868,3.7449434,6
2240,-5.7300496,5.0799837,5
2241,-5.4806957,-0.4015626,1
2242,-8.700549,11.74021,5
2243,-5.5634475,16.704292,4
2244,14.774608,20.317846,2
2245,5.501681,-1.3733453,0
2246,12.469841,2.5654163,6
2247,-5.585832,16.395115,4
2248,-4.80311,5.8705134,5
2249,14.901792,-4.9084086,3
2250,-5.778225,10.671304,5
2251,8.822845,7.4721904,7
2252,3.8572419,-1.7013717,0
2253,-4.8084197,5.8694286,5
2254,8.946038,7.1324925,7
2255,8.824806,7.868103,7
2256,12.629956,3.3671348,6
2257,13.216669,19.082151,2
2258,13.524133,19.050087,2
2259,3.8415232,-1.7471458,0
2260,3.0799289,-7.7877398,9
2261,15.492186,-4.4907193,3
2262,6.6874475,-10.7780695,9
2263,8.059027,-9.288511,9
2264,-7.7449794,10.885005,5
2265,9.679832,7.5850544,7
2266,-4.1752977,6.668415,5
2267,-5.7932906,10.196246,5
2268,9.041118,7.0310826,7
2269,8.347745,11.606135,7
2270,12.814304,3.7615678,6
2271,11.258144,19.38316,2
2272,6.3800416,-11.180407,9
2273,-1.1703175,7.442056,5
2274,9.688254,12.490725,7
2275,3.29991,-7.8081455,9
2276,6.3425546,-9.33595,9
2277,9.532123,7.5923586,7
2278,-6.2317643,-0.76006263,1
2279,9.528089,19.50678,2
2280,12.071133,19.932209,2
2281,14.199893,-5.04945,3
2282,9.0914135,8.909102,7
2283,-4.2473035,0.30108592,1
2284,-5.8628736,10.007873,5
2285,6.184701,-9.6296015,9
2286,12.320639,3.1765256,6
2287,9.475318,12.300985,7
2288,-8.618112,11.670636,5
2289,2.0220854,-1.215136,0
2290,18.960424,9.491958,8
2291,4.066038,-0.9394855,0
2292,7.93106,11.357119,7
2293,8.402662,-9.75815,9
2294,-5.570528,-0.5596683,1
2295,-8.627364,11.666317,5
2296,-1.2402908,9.1047,5
2297,-4.9663897,5.7739205,5
2298,6.387366,-9.370843,9
2299,9.688149,12.505271,7
2300,11.8897,20.6986,2
2301,1.1850338,4.1067424,0
2302,-4.714971,6.0578566,5
2303,6.9035406,-9.475439,9
2304,-5.429531,-0.40178803,1
2305,6.107766,-8.897164,9
2306,-5.4293275,-0.29622677,1
2307,-4.181989,6.7106605,5
2308,3.3906398,-0.7965909,0
2309,-5.453173,15.7479515,4
2310,-5.570652,15.730722,4
2311,6.6777616,-10.828085,9
2312,6.5718694,-10.113759,9
2313,9.19692,8.735514,7
2314,3.73802,-1.0638192,0
2315,12.713006,5.2225804,6
2316,-4.8165174,7.8164473,5
2317,-5.403184,-0.372613,1
2318,13.428072,19.058739,2
2319,16.290783,3.6158135,6
2320,2.5195143,-1.1082916,0
2321,9.742539,12.493586,7
2322,12.432544,2.5825696,6
2323,-6.1802955,-0.75183696,1
2324,11.368899,21.358633,2
2325,13.753964,-4.9872284,3
2326,12.238844,5.5054517,6
2327,12.676248,3.7263474,6
2328,6.4019847,-9.57976,9
2329,12.24655,3.3637865,6
2330,6.200947,-8.534907,9
2331,-1.1978558,7.4900994,5
2332,-5.933161,-1.2445186,1
2333,19.02705,9.452173,8
2334,-7.4353104,6.750997,5
2335,-6.6974096,11.328169,5
2336,12.208792,3.4061716,6
2337,-4.8132715,7.81401,5
2338,1.7271799,-1.514823,0
2339,6.486435,-9.532141,9
2340,2.2569923,-0.7960532,0
2341,15.220458,3.2221868,6
2342,6.849024,-9.509421,9
2343,2.6497254,-0.8852088,0
2344,-1.81741,8.917034,5
2345,12.356222,3.0050747,6
2346,2.5175295,-2.2067459,0
2347,3.7060823,-0.55142015,0
2348,6.5186014,-10.020397,9
2349,12.213751,3.3322656,6
2350,11.305858,3.01573,6
2351,-5.465021,15.768257,4
2352,-5.683413,5.0255904,5
2353,12.2282915,3.3453355,6
2354,-5.94848,-1.281757,1
2355,-5.1004896,-0.87749416,1
2356,-1.8365777,8.93006,5
2357,9.309345,12.199974,7
2358,-5.8076234,10.846142,5
2359,-4.2076163,6.9739847,5
2360,-5.9648814,-1.3068799,1
2361,19.07613,9.661504,8
2362,21.716402,8.210937,8
2363,20.12904,10.427254,8
2364,3.250685,-1.4285655,0
2365,-5.4764614,-0.41505483,1
2366,19.584558,10.0172825,8
2367,8.597794,11.676366,7
2368,-1.256972,9.087208,5
2369,-4.812991,5.8831553,5
2370,-4.635985,7.4291534,5
2371,3.6764836,-7.803683,9
2372,6.8399467,-9.523736,9
2373,17.200436,3.8088758,6
2374,-5.744803,10.847995,5
2375,-4.57878,7.338308,5
2376,2.993071,-1.6588782,0
2377,-4.912762,5.808503,5
2378,-5.784406,10.879075,5
2379,13.671765,3.4585347,6
2380,8.644934,-8.996877,9
2381,3.8464048,-1.718528,0
2382,-5.4302773,6.5980287,5
2383,4.779769,-0.6061922,0
2384,15.205991,3.1971817,6
2385,-5.4092345,-0.32444227,1
2386,12.677592,5.8257933,6
2387,2.6592445,-1.0076381,0
2388,9.068581,10.9203825,7
2389,15.073764,-4.8291917,3
2390,12.3739605,3.055426,6
2391,12.722732,5.1791368,6
2392,-8.631718,11.670006,5
2393,5.5246077,-8.580408,9
2394,9.473594,7.407057,7
2395,4.4894505,-0.6524308,0
2396,-6.218846,9.988258,5
2397,2.3423967,-1.0909686,0
2398,-7.4968324,10.524186,5
2399,3.8599846,-1.7315384,0
2400,-5.8057914,10.722723,5
2401,9.644266,7.565107,7
2402,12.016816,5.4413257,6
2403,-6.807313,11.29157,5
2404,-5.530815,15.728702,4
2405,-5.507568,15.755729,4
2406,9.99568,19.36886,2
2407,4.187635,-0.89942884,0
2408,13.466952,2.725554,6
2409,-5.93874,-1.2747221,1
2410,9.792976,7.7959924,7
2411,-5.787449,10.315931,5
2412,-1.2358489,9.112997,5
2413,2.8583484,-1.9257674,0
2414,-5.361448,-0.3466623,1
2415,3.0608087,-1.6991848,0
2416,-7.688355,10.791888,5
2417,3.7497141,-1.5047631,0
2418,3.7124064,-0.5840532,0
2419,3.785726,-1.3811003,0
2420,9.566553,11.254778,7
2421,15.260856,3.2675536,6
2422,-5.5996656,-0.5703082,1
2423,13.161008,2.1844888,6
2424,18.958923,9.485696,8
2425,9.990135,20.038576,2
2426,6.781285,-10.953508,9
2427,12.442538,2.6094124,6
2428,2.7014966,-0.8899671,0
2429,-5.770601,10.154769,5
2430,5.4768796,-1.4006708,0
2431,13.684229,2.8507152,6
2432,16.54016,3.4652832,6
2433,8.800273,-9.121667,9
2434,17.198078,3.8171368,6
2435,12.775045,3.7486484,6
2436,8.551752,20.30921,2
2437,9.772624,11.357495,7
2438,3.800048,-0.48292005,0
2439,8.5678835,20.120577,2
2440,14.596111,20.153217,2
2441,-5.5204268,15.714675,4
2442,4.8913217,-0.4849203,0
2443,-4.251155,0.28693587,1
2444,-5.795305,10.211022,5
2445,-5.789074,10.83755,5
2446,3.8519506,-0.45288777,0
2447,7.359752,-8.824285,9
2448,12.301905,2.8952081,6
2449,13.398919,19.022182,2
2450,-6.753362,11.303441,5
2451,3.7370613,-0.5104546,0
2452,21.08662,8.507088,8
2453,6.337038,-9.454239,9
2454,3.2305543,-1.0104386,0
2455,-4.2742295,0.28237224,1
2456,15.042916,-4.7167783,3
2457,4.640647,-0.7026255,0
2458,-5.7017164,17.038435,4
2459,4.041954,-0.6414559,0
2460,2.1220329,-1.2808408,0
2461,-4.8135157,5.8947883,5
2462,3.4857454,-7.787291,9
2463,-5.799159,10.125643,5
2464,12.327865,3.2162738,6
2465,12.643119,5.820007,6
2466,9.626015,7.5591245,7
2467,-4.345322,0.19037923,1
2468,12.695567,5.2365866,6
2469,5.495632,-1.3591595,0
2470,-7.494366,10.618103,5
2471,5.950854,-8.912625,9
2472,2.122026,-0.52318645,0
2473,-0.9342772,9.591647,5
2474,-6.769894,11.296338,5
2475,3.1593597,-1.2716284,0
2476,-5.841288,10.144625,5
2477,15.409612,-4.5492654,3
2478,13.946211,-4.8701324,3
2479,-7.690256,10.929545,5
2480,-7.726643,7.1330533,5
2481,-5.1437693,-0.92789966,1
2482,5.527424,-8.613329,9
2483,15.369723,3.3130534,6
2484,-5.8185277,10.025553,5
2485,-7.433586,6.752405,5
2486,3.0591884,-1.6605529,0
2487,6.8646746,-9.568843,9
2488,6.8079906,-9.551469,9
2489,2.065209,-0.591684,0
2490,9.141914,20.141434,2
2491,6.4051304,-9.624801,9
2492,-1.0621353,9.3818245,5
2493,-5.763924,10.863543,5
2494,16.347902,3.6611702,6
2495,-5.767199,10.191464,5
2496,16.433495,3.490042,6
2497,17.213938,3.4402525,6
2498,3.6071615,-0.6121292,0
2499,9.773116,11.371829,7
2500,14.271555,-5.082693,3
2501,-6.582374,11.287292,5
2502,8.758639,-9.129377,9
2503,6.315128,-9.387354,9
2504,-7.315194,6.821786,5
2505,8.383058,-9.775319,9
2506,-5.51175,15.731098,4
2507,12.715647,5.84302,6
2508,3.4370348,-0.74633974,0
2509,-4.997558,-0.05764657,1
2510,-7.387547,6.743498,5
2511,12.686558,5.2432733,6
2512,-5.8679657,10.025074,5
2513,15.329359,-4.627345,3
2514,3.8183453,-0.51080287,0
2515,5.5382504,-1.3239057,0
2516,12.490387,2.4919455,6
2517,-5.596815,-0.5231725,1
2518,-1.1933222,7.4652667,5
2519,-7.37265,6.7486205,5
2520,6.7914066,-9.638903,9
2521,15.101453,-4.785846,3
2522,-5.7626653,10.86688,5
2523,9.611727,7.540984,7
2524,3.7348309,-0.6401762,0
2525,3.5122242,-7.801848,9
2526,-1.1908045,7.479978,5
2527,13.479343,2.760404,6
2528,-7.38677,6.7751017,5
2529,-5.8192945,-1.1929731,1
2530,-5.749784,10.252673,5
2531,4.1201277,-0.853585,0
2532,6.435627,-9.482145,9
2533,-6.3138275,10.152396,5
2534,8.7453165,10.735949,7
2535,-5.4489326,-0.36228716,1
2536,6.7443075,-9.769707,9
2537,-6.412861,10.065697,5
2538,11.121464,20.43371,2
2539,3.780703,-0.4198316,0
2540,9.626456,12.456059,7
2541,-6.7543445,11.306784,5
2542,-1.2528569,7.374444,5
2543,1.762956,-1.3599929,0
2544,-7.7496653,7.264399,5
2545,5.5603213,-8.7037945,9
2546,-1.1887741,7.4813366,5
2547,7.863261,-9.12363,9
2548,15.257498,3.2486258,6
2549,8.349287,-9.822548,9
2550,13.462965,19.002905,2
2551,1.068477,4.022272,0
2552,13.228979,19.053871,2
2553,4.4905686,-0.6944991,0
2554,5.520617,-1.3435252,0
2555,8.683051,10.707655,7
2556,-5.8196025,10.16415,5
2557,9.607869,12.4386215,7
2558,19.060999,9.47007,8
2559,-5.7876573,10.676973,5
2560,9.689927,11.286428,7
2561,3.4553916,-7.785575,9
2562,8.176536,-9.172372,9
2563,3.5925748,-7.8011746,9
2564,6.5893464,-9.88645,9
2565,3.1801875,-1.2489617,0
2566,6.4182606,-9.535744,9
2567,7.9568024,11.43284,7
2568,12.9607725,5.661728,6
2569,6.8543525,-9.498245,9
2570,8.325137,-9.886919,9
2571,-5.9396496,9.979632,5
2572,15.809537,3.4236958,6
2573,14.32632,-4.9070873,3
2574,8.553377,21.838373,2
2575,6.7889,-9.640681,9
2576,-4.563247,0.076195024,1
2577,6.2544327,-9.834772,9
2578,-6.834166,11.330511,5
2579,19.07378,9.403868,8
2580,-0.92101264,9.595019,5
2581,-5.1819873,-0.19687854,1
2582,-6.723608,11.295952,5
2583,-4.335379,0.19020283,1
2584,3.5744884,-0.7154851,0
2585,-5.4476132,-0.38692096,1
2586,12.707713,5.1911855,6
2587,-6.788271,11.291864,5
2588,16.350689,3.6128929,6
2589,-6.38432,10.06692,5
2590,3.8191307,-0.4449559,0
2591,15.261165,3.2506893,6
2592,2.7431374,-1.1650974,0
2593,14.759909,-4.737557,3
2594,4.124474,-0.5664968,0
2595,-7.719251,10.829021,5
2596,19.02986,9.642581,8
2597,9.674207,12.485323,7
2598,1.1596254,4.0410404,0
2599,15.328673,3.28622,6
2600,9.737159,12.499058,7
2601,-1.1823686,7.431292,5
2602,2.5719419,-1.1357883,0
2603,3.469146,-7.793875,9
2604,6.5662527,-9.962488,9
2605,-5.9061465,9.999255,5
2606,6.7631183,-9.407318,9
2607,-5.073068,-0.82603276,1
2608,8.449897,19.307264,2
2609,16.254042,3.4527407,6
2610,3.3510218,-0.833722,0
2611,-5.8162036,10.1396675,5
2612,-5.376699,6.812958,5
2613,9.747185,11.367181,7
2614,9.807437,19.377209,2
2615,3.1099334,-7.825553,9
2616,6.2132945,-9.658413,9
2617,16.256357,3.425334,6
2618,8.362582,-9.749301,9
2619,5.645154,-8.893633,9
2620,3.8623574,-0.5033043,0
2621,-0.9252783,9.591958,5
2622,8.587068,20.506054,2
2623,9.063762,10.920705,7
2624,8.3714075,-9.808974,9
2625,3.9585502,-0.9587644,0
2626,12.674212,5.822513,6
2627,3.681864,-0.56917185,0
2628,16.415886,3.522989,6
2629,3.9333527,-0.51941967,0
2630,15.427078,-4.5508857,3
2631,-7.695175,10.795417,5
2632,15.3578825,3.2932107,6
2633,2.6110413,-1.157545,0
2634,19.190422,9.734509,8
2635,17.184746,3.4260964,6
2636,6.9088597,-9.494817,9
2637,6.768469,-9.632609,9
2638,13.214172,19.024036,2
2639,3.8824031,-1.1773945,0
2640,-7.3833594,6.726455,5
2641,-7.468232,7.4619555,5
2642,4.0227747,-0.6277796,0
2643,5.5851865,-8.568444,9
2644,6.837441,-9.481118,9
2645,-5.199278,-0.20657507,1
2646,-7.4706807,10.636223,5
2647,12.68068,5.247263,6
2648,9.023934,10.895464,7
2649,19.037516,9.662926,8
2650,-6.776619,11.280432,5
2651,-7.798825,7.241634,5
2652,5.483256,-0.59765387,0
2653,1.9622941,-1.1036725,0
2654,16.423426,3.4723396,6
2655,-7.280076,11.027572,5
2656,-7.778986,7.2555366,5
2657,-1.2281226,7.4459968,5
2658,19.049023,9.488752,8
2659,-5.7173653,5.07042,5
2660,-7.479203,7.084942,5
2661,9.774471,11.36775,7
2662,9.724066,12.488059,7
2663,3.7730596,-0.47060773,0
2664,14.822852,-4.696068,3
2665,8.222134,-9.863103,9
2666,5.650302,-8.898129,9
2667,-5.941688,10.013178,5
2668,-4.386294,0.14848949,1
2669,-7.616398,7.0238385,5
2670,3.7473934,-0.47695693,0
2671,-5.0556917,-0.106545776,1
2672,8.356459,-9.827941,9
2673,-5.2657323,-0.28968602,1
2674,2.0543413,-0.63620806,0
2675,8.379781,-9.799854,9
2676,8.8277445,11.154107,7
2677,2.4569554,-0.9426233,0
2678,3.8085473,-0.4423737,0
2679,3.6546593,-7.746261,9
2680,2.7660134,-0.7135095,0
2681,19.872408,10.165522,8
2682,4.144144,-1.1044834,0
2683,18.944376,9.413509,8
2684,-7.602654,7.00068,5
2685,16.68718,3.4484363,6
2686,3.2159548,-0.69615346,0
2687,19.00501,9.535221,8
2688,-5.810865,10.840316,5
2689,15.345059,3.2942748,6
2690,-4.369538,0.14382221,1
2691,-7.626314,7.057012,5
2692,-7.692968,7.1473045,5
2693,15.451917,-4.528641,3
2694,8.324019,-9.77502,9
2695,-4.3672686,0.1522673,1
2696,3.908859,-0.92096466,0
2697,7.9747763,11.421562,7
2698,3.889497,-0.4209047,0
2699,5.6697807,-8.9168625,9
2700,2.3174555,-0.6411706,0
2701,-6.8016644,11.276442,5
2702,15.301459,3.297645,6
2703,-7.4145823,6.7768316,5
2704,3.1298203,-7.8344026,9
2705,9.771336,11.374594,7
2706,19.060162,9.648749,8
2707,16.434998,3.4828513,6
2708,11.129074,19.595873,2
2709,15.243021,3.2360148,6
2710,14.876647,-4.710764,3
2711,16.37517,3.6419508,6
2712,1.9646372,-1.0336652,0
2713,6.9403896,-9.4602785,9
2714,6.7656345,-9.564576,9
2715,-5.64748,-1.1664611,1
2716,-7.3971763,6.706776,5
2717,-7.697544,10.811624,5
2718,4.357552,-1.0615925,0
2719,2.040149,-0.63864297,0
2720,5.664333,-8.910555,9
2721,6.1520343,-9.599441,9
2722,-6.792447,11.284594,5
2723,-7.322961,6.856781,5
2724,-6.794713,11.20954,5
2725,8.582184,10.686849,7
2726,-6.4084682,10.057479,5
2727,-7.3871264,6.7327824,5
2728,6.4604487,-9.488669,9
2729,-5.810907,10.160049,5
2730,11.882262,20.67589,2
2731,12.66428,5.2538424,6
2732,16.212053,3.4507809,6
2733,15.414741,-4.5536785,3
2734,-1.2014521,7.472229,5
2735,9.89351,20.06163,2
2736,-6.7819037,11.190303,5
2737,-0.87441915,9.645238,5
2738,-5.4261594,6.534944,5
2739,-0.9219867,9.597239,5
2740,16.287748,3.4611359,6
2741,-6.3734174,10.102405,5
2742,7.52266,-9.05281,9
2743,-1.2234193,7.448766,5
2744,-7.661858,10.849132,5
2745,19.08101,9.67459,8
2746,3.804873,-0.43284145,0
2747,20.15132,10.449696,8
2748,-6.052621,10.012165,5
2749,4.119981,-0.46416104,0
2750,6.143043,-9.616103,9
2751,-7.417185,6.7656355,5
2752,-5.8159723,10.803263,5
2753,12.257394,5.4453773,6
2754,3.8030324,-0.44567737,0
2755,-4.3946037,0.13264467,1
2756,3.883747,-0.907394,0
2757,2.0927486,-0.51947314,0
2758,15.532709,3.343113,6
2759,-6.8134313,11.26942,5
2760,-6.274939,10.083382,5
2761,3.0371711,-0.7407109,0
2762,8.340345,-9.853678,9
2763,14.769647,-4.7316923,3
2764,8.283604,-9.9197855,9
2765,15.29337,3.2706063,6
2766,15.138869,-4.7561135,3
2767,7.934895,11.320754,7
2768,-5.555996,-0.47562438,1
2769,5.4941206,-1.3714789,0
2770,-6.7635455,11.17874,5
2771,19.010653,9.64328,8
2772,-7.7846785,7.2639475,5
2773,-7.45746,7.4472604,5
2774,-0.9384282,9.576324,5
2775,1.9852808,-0.7670588,0
2776,8.303438,-9.897215,9
2777,12.923932,5.036704,6
2778,13.221852,19.002522,2
2779,-7.3660746,6.882162,5
2780,11.207391,19.661667,2
2781,9.971187,20.046896,2
2782,16.22257,3.429048,6
2783,10.146802,20.14612,2
2784,-6.2756248,10.2381115,5
2785,13.180454,19.020414,2
2786,3.9619265,-0.5966496,0
2787,9.725907,12.49273,7
2788,-5.4323993,6.6056833,5
2789,3.4793432,-7.7982497,9
2790,2.1009266,-0.50419515,0
2791,-6.1405416,10.071607,5
2792,-7.4460187,7.56303,5
2793,8.2616625,-9.893277,9
2794,-1.0276875,9.442972,5
2795,9.7567215,12.493604,7
2796,8.576069,21.57775,2
2797,9.66804,12.499184,7
2798,8.144932,-9.298891,9
2799,19.29489,9.843224,8
2800,8.336508,-9.8133545,9
2801,9.727488,12.468823,7
2802,-7.4902678,6.8639784,5
2803,10.587374,21.067719,2
2804,-0.9092159,9.621159,5
2805,-6.813729,11.3208475,5
2806,-7.4464364,10.633276,5
2807,15.250146,3.247657,6
2808,19.009626,9.670641,8
2809,-0.9154491,9.602726,5
2810,15.427954,-4.543851,3
2811,15.110304,-4.7470326,3
2812,3.8051605,-0.54235125,0
2813,6.9373894,-9.452534,9
2814,15.4695015,-4.5185313,3
2815,9.5100155,20.006996,2
2816,-4.992043,-0.67268014,1
2817,3.8399591,-0.443231,0
2818,9.942735,20.047989,2
2819,12.965524,5.674245,6
2820,5.5950885,-8.665041,9
2821,-6.3289976,10.138864,5
2822,-7.4603314,6.814494,5
2823,13.246636,18.982988,2
2824,18.995691,9.637006,8
2825,2.2061641,-0.585415,0
2826,-7.2793694,11.022563,5
2827,-6.0562572,10.454284,5
2828,13.262598,18.986422,2
2829,-7.522289,7.3797946,5
2830,15.455904,-4.513441,3
2831,15.47654,-4.50312,3
2832,9.654139,12.490504,7
2833,-7.6805754,7.1313496,5
2834,-6.813742,11.275982,5
2835,-6.451353,10.098003,5
2836,1.9888508,-0.83390826,0
2837,19.316172,9.852421,8
2838,8.305381,-9.844671,9
2839,13.129998,19.103228,2
2840,2.0801418,-0.5013694,0
2841,11.146175,19.609476,2
2842,9.769714,12.403981,7
2843,9.099624,10.942095,7
2844,-7.505089,6.8477616,5
2845,-7.796609,7.2129145,5
2846,5.4214764,-1.3062085,0
2847,-4.3769946,0.1432521,1
2848,-0.8819043,9.638579,5
2849,-5.1858454,-0.3060016,1
2850,3.685902,-0.6913647,0
2851,-6.753491,11.205884,5
2852,8.234768,-9.852216,9
2853,2.471336,-0.67570186,0
2854,15.848709,3.4312744,6
2855,-1.2316115,7.428855,5
2856,8.556947,20.470354,2
2857,2.1653588,-0.52073944,0
2858,-7.276999,11.038361,5
2859,2.255187,-0.5369325,0
2860,3.4072375,-0.6545653,0
2861,-7.4916024,6.862296,5
2862,19.019178,9.607147,8
2863,8.26537,-9.890882,9
2864,-6.474396,10.115192,5
2865,3.8838744,-0.450002,0
2866,-7.411536,6.7016416,5
2867,8.201574,-9.877262,9
2868,-6.7984996,11.283542,5
2869,-6.4360547,10.093769,5
2870,-1.257698,7.4271593,5
2871,-7.3020353,10.768837,5
2872,13.207894,18.994503,2
2873,9.646025,12.506467,7
2874,-6.337235,10.158855,5
2875,12.923339,5.0175056,6
2876,13.213376,19.0113,2
2877,-7.7562675,7.2407146,5
2878,5.490399,-1.3438784,0
2879,8.322088,-9.91896,9
2880,-5.1026034,-0.87012154,1
2881,8.277506,-9.869562,9
2882,-6.835765,11.262705,5
2883,-5.0172124,-0.6649537,1
2884,5.6535664,-8.907205,9
2885,2.1251266,-0.4756334,0
2886,5.6672635,-8.916645,9
2887,15.750192,3.455934,6
2888,-0.99196374,9.486089,5
2889,-7.2575073,10.9282055,5
2890,17.161188,3.409282,6
2891,3.8152864,-0.4553632,0
2892,17.185545,3.8071249,6
2893,8.279819,-9.890941,9
2894,-4.377985,0.13862988,1
2895,-7.4314365,6.7666855,5
2896,8.225814,-9.86091,9
2897,12.842815,5.219554,6
2898,2.1217003,-0.50286466,0
2899,3.9793003,-0.89976025,0
2900,-0.90238,9.619226,5
2901,-7.5480795,7.3063183,5
2902,-6.7883863,11.175683,5
2903,17.200811,3.4321675,6
2904,-0.85967904,9.664088,5
2905,2.055184,-0.6259546,0
2906,3.1792123,-7.8495917,9
2907,2.059339,-0.61237264,0
2908,12.72759,5.196739,6
2909,5.4612722,-1.3274897,0
2910,-7.496122,6.8681116,5
2911,5.7045827,-8.958427,9
2912,3.9810326,-0.57433033,0
2913,14.902699,-4.7039003,3
2914,5.674852,-8.93083,9
2915,-1.0184464,9.447263,5
2916,8.269513,-9.883121,9
2917,-7.476252,7.4944773,5
2918,-7.358964,6.967072,5
2919,-6.80757,11.232005,5
2920,-7.7591653,7.247997,5
2921,-5.428106,6.5817947,5
2922,13.177805,19.002373,2
2923,-7.5606294,7.3657274,5
2924,9.673297,12.499108,7
2925,15.1393585,-4.7608476,3
2926,-4.763927,-0.35014543,1
2927,1.1374129,4.062894,0
2928,15.258806,3.2498188,6
2929,-0.8820565,9.638386,5
2930,-7.239922,10.838306,5
2931,-5.01393,-0.68352085,1
2932,14.735089,-4.7204404,3
2933,-0.89774597,9.623483,5
2934,9.776318,11.399887,7
2935,14.773264,-4.7276926,3
2936,19.048878,9.639579,8
2937,-7.244861,10.843946,5
2938,-7.5344005,7.3415065,5
2939,2.0997384,-0.49860188,0
2940,-7.55571,7.3198633,5
2941,-7.417321,7.060958,5
2942,-7.509101,6.9026775,5
2943,8.182447,-9.903327,9
2944,-7.504163,6.871443,5
2945,-7.6155896,7.0860825,5
2946,-0.8990298,9.622691,5
2947,-7.7710075,7.2450585,5
2948,19.006897,9.621581,8
2949,2.0592299,-0.60205054,0
2950,-7.6262417,7.117992,5
2951,-7.6187887,7.181012,5
2952,8.513664,10.736754,7
2953,9.052168,10.90602,7
2954,-4.992887,-0.6442628,1
2955,12.862293,5.1876764,6
2956,-7.673212,7.298071,5
2957,9.797232,11.416062,7
2958,15.212599,-4.619702,3
2959,8.225601,-9.904733,9
2960,-7.7066746,7.275011,5
2961,19.051464,9.678907,8
2962,15.308179,3.269632,6
2963,-4.4519625,0.052254353,1
2964,-7.318366,6.9143767,5
2965,8.441189,19.315638,2
2966,9.7824135,11.393852,7
2967,-5.722244,5.080469,5
